id;specialty;titles;synonyms;content;tags;created_at;updated_at
pth;Orthopédie;"{""en"":""Total hip replacement (THR)"",""fr"":""Prothèse totale de hanche (PTH)"",""pt"":""Prótese total da anca (PTA)""}";"{""en"":[""THR"",""hip arthroplasty""],""fr"":[""PTH"",""arthroplastie hanche"",""prothèse hanche""],""pt"":[""PTA"",""artroplastia anca""]}";"{""deep"":{""fr"":{""clinical"":[""Population souvent âgée avec comorbidités cardiovasculaires fréquentes."",""La rachianesthésie réduit les pertes sanguines et le risque thromboembolique vs AG."",""L acide tranexamique réduit significativement les besoins transfusionnels."",""Le bloc du nerf fémoral ou IPACK peut compléter l analgésie.""],""pitfalls"":[""Ne pas sous-estimer les pertes sanguines cachées dans les tissus."",""Le syndrome du ciment peut mimer un arrêt cardiaque — avoir éphédrine et adrénaline prêtes."",""Attention au positionnement : lésions nerveuses par compression.""],""references"":[{""note"":""Recommandations péri-opératoires PTH"",""source"":""ESA Guidelines — Hip Arthroplasty"",""year"":2023},{""note"":""Céfazoline 2g dose unique"",""source"":""SFAR — Antibioprophylaxie en chirurgie"",""year"":2018}]}},""quick"":{""fr"":{""drugs"":[{""drug_id"":""paracetamol"",""indication_tag"":""analgésie""},{""drug_id"":""ketorolac"",""indication_tag"":""analgésie""},{""drug_id"":""bupivacaine"",""indication_tag"":""rachianesthésie""},{""drug_id"":""cefazoline"",""indication_tag"":""antibioprophylaxie""},{""drug_id"":""acide_tranexamique"",""indication_tag"":""antifibrinolytique""},{""drug_id"":""morphine"",""indication_tag"":""analgésie_postop""},{""drug_id"":""ondansetron"",""indication_tag"":""PONV""}],""intraop"":[""AG ou rachianesthésie (bupivacaïne hyperbare 10-12.5 mg)"",""Antibioprophylaxie : céfazoline 2g IV avant incision"",""Position décubitus latéral — vérifier points d appui"",""Surveillance pertes sanguines (aspiration + compresses)"",""Acide tranexamique 1g IV si pas de CI"",""Maintien normothermie active""],""postop"":[""Analgésie multimodale : paracétamol + AINS ± morphine titration"",""Prévention NVPO : ondansétron ± dexaméthasone"",""Thromboprophylaxie HBPM dès H6"",""Mobilisation précoce J0-J1"",""Surveillance neurovasculaire du membre opéré""],""preop"":[""Évaluation cardiovasculaire et capacité fonctionnelle"",""Bilan : NFS, coagulation, groupage sanguin + RAI"",""Jeûne 6h solides / 2h liquides clairs"",""Prévoir culots globulaires (risque hémorragique)"",""Prophylaxie thromboembolique pré-opératoire""],""red_flags"":[""Syndrome du ciment : hypotension brutale + bradycardie à la cimentation"",""Choc hémorragique : surveiller hémodynamique et Hb"",""Fracture peropératoire du fémur"",""Embolie graisseuse (dyspnée, pétéchies, confusion)""]}}}";[];2026-02-25 22:45:09.060281+00;2026-02-25 22:45:09.060281+00
turp;Urologie;"{""en"":""Transurethral resection of prostate (TURP)"",""fr"":""Résection transurétrale de prostate (TURP/RTUP)"",""pt"":""Ressecção transuretral da próstata (RTUP)""}";"{""en"":[""TURP"",""prostate resection""],""fr"":[""TURP"",""RTUP"",""résection prostate"",""adénomectomie endoscopique""],""pt"":[""RTUP""]}";"{""deep"":{""fr"":{""clinical"":[""La rachianesthésie est préférée."",""Le TURP syndrome est lié à l absorption de glycocolle hypotonique."",""Les nouvelles techniques réduisent ce risque.""],""pitfalls"":[""Natrémie < 120 mmol/L est une urgence."",""Ne pas confondre agitation avec inconfort simple.""],""references"":[{""source"":""EAU Guidelines"",""year"":2023},{""source"":""BJA Education"",""year"":2019}]}},""quick"":{""fr"":{""drugs"":[{""drug_id"":""bupivacaine"",""indication_tag"":""rachianesthésie""},{""drug_id"":""paracetamol"",""indication_tag"":""analgésie""},{""drug_id"":""ephedrine"",""indication_tag"":""hypotension""},{""drug_id"":""ondansetron"",""indication_tag"":""PONV""}],""intraop"":[""Rachianesthésie (niveau T10) préférentielle"",""Surveillance ionogramme peropératoire si durée > 60 min"",""Monitoring température — irrigation froide"",""Limiter durée résection < 90 min si possible"",""Antibioprophylaxie selon protocole""],""postop"":[""Surveillance hématurie et irrigation vésicale"",""Ionogramme de contrôle (natrémie)"",""Analgésie : paracétamol ± antispasmodiques"",""Surveillance reprise mictionnelle après retrait sonde""],""preop"":[""Population âgée : évaluation cardiovasculaire approfondie"",""Bilan : NFS, ionogramme, créatinine, coagulation"",""Arrêt anticoagulants/antiagrégants selon recommandations"",""Groupage sanguin + RAI"",""Prévenir risque TURP syndrome (glycocolle)""],""red_flags"":[""TURP syndrome : hyponatrémie de dilution"",""Hémorragie massive avec choc"",""Perforation vésicale""]}}}";[];2026-02-25 22:45:09.060281+00;2026-02-25 22:45:09.060281+00
ureteroscopie_dj;Urologie;"{""en"":""Ureteroscopy with double-J stent"",""fr"":""Urétéroscopie avec pose de sonde double J"",""pt"":""Ureteroscopia com duplo J""}";"{""en"":[""URS"",""DJ stent""],""fr"":[""URS"",""double J"",""urétéroscopie"",""JJ""],""pt"":[""ureteroscopia"",""duplo J""]}";"{""deep"":{""fr"":{""clinical"":[""Procédure ambulatoire fréquente."",""AINS très efficaces sur douleur post-JJ.""],""pitfalls"":[""Risque infectieux si ECBU non vérifié."",""Douleur post-JJ fréquente.""],""references"":[{""source"":""EAU Guidelines"",""year"":2023}]}},""quick"":{""fr"":{""drugs"":[{""drug_id"":""propofol"",""indication_tag"":""induction""},{""drug_id"":""paracetamol"",""indication_tag"":""analgésie""},{""drug_id"":""cefazoline"",""indication_tag"":""antibioprophylaxie""}],""intraop"":[""AG courte ou rachianesthésie basse"",""Position lithotomie"",""Antibioprophylaxie"",""Procédure courte 30-60 min""],""postop"":[""Analgésie paracétamol + AINS"",""Surveillance diurèse"",""Sortie J0"",""Consignes urgence""],""preop"":[""ECBU stérile obligatoire"",""Bilan rénal"",""Jeûne standard"",""Information douleur post-JJ""],""red_flags"":[""Perforation urétérale"",""Sepsis urinaire"",""Colique sur JJ obstruée""]}}}";[];2026-02-25 22:46:08.093818+00;2026-02-25 22:46:08.093818+00
cesarienne_urgente;Obstétrique;"{""en"":""Emergency caesarean section"",""fr"":""Césarienne urgente"",""pt"":""Cesariana urgente""}";"{""en"":[""emergency c-section""],""fr"":[""césarienne"",""code rouge""],""pt"":[""cesariana emergência""]}";"{""deep"":{""fr"":{""clinical"":[""Rachianesthésie préférée même en urgence si délai > 5 min."",""AG expose au risque d intubation difficile."",""Rocuronium + sugammadex alternative à succinylcholine.""],""pitfalls"":[""Ne jamais retarder extraction en code rouge."",""Estomac toujours plein : ISR obligatoire si AG.""],""references"":[{""source"":""SFAR/CARO"",""year"":2023},{""source"":""NICE"",""year"":2021}]}},""quick"":{""fr"":{""drugs"":[{""drug_id"":""bupivacaine"",""indication_tag"":""rachianesthésie""},{""drug_id"":""propofol"",""indication_tag"":""induction_AG""},{""drug_id"":""rocuronium"",""indication_tag"":""ISR""},{""drug_id"":""sugammadex"",""indication_tag"":""reversal_urgence""},{""drug_id"":""cefazoline"",""indication_tag"":""antibioprophylaxie""},{""drug_id"":""paracetamol"",""indication_tag"":""analgésie""},{""drug_id"":""ondansetron"",""indication_tag"":""PONV""}],""intraop"":[""Rachianesthésie si délai > 5 min"",""Si code rouge : AG crash induction"",""Cristalloïdes + vasopresseurs"",""Antibioprophylaxie céfazoline 2g"",""Ocytocine 5 UI IV après extraction"",""Sugammadex prêt""],""postop"":[""Analgésie multimodale"",""Prévention NVPO"",""Surveillance hémorragie post-partum"",""Thromboprophylaxie"",""Peau-à-peau précoce""],""preop"":[""Évaluation voies aériennes"",""RAI + NFS urgence"",""VVP gros calibre x2"",""Position DLG"",""Préoxygénation 3 min"",""Citrate sodium 30mL PO""],""red_flags"":[""Intubation difficile"",""Hémorragie post-partum"",""Éclampsie"",""Embolie amniotique""]}}}";[];2026-02-25 22:46:08.093818+00;2026-02-25 22:46:08.093818+00
cholecystectomie_lap;Chirurgie générale;"{""en"":""Laparoscopic cholecystectomy"",""fr"":""Cholécystectomie laparoscopique"",""pt"":""Colecistectomia laparoscópica""}";"{""en"":[""lap chole""],""fr"":[""cholécystectomie"",""vésicule biliaire""],""pt"":[""colecistectomia""]}";"{""deep"":{""fr"":{""clinical"":[""Chirurgie ambulatoire la plus fréquente."",""Pneumopéritoine augmente pressions."",""Score Apfel élevé = prophylaxie agressive.""],""pitfalls"":[""Douleur scapulaire fréquente."",""Infiltration trocarts AVANT incision plus efficace.""],""references"":[{""source"":""SFAR RAAC"",""year"":2021}]}},""quick"":{""fr"":{""drugs"":[{""drug_id"":""propofol"",""indication_tag"":""induction""},{""drug_id"":""rocuronium"",""indication_tag"":""intubation""},{""drug_id"":""sugammadex"",""indication_tag"":""reversal""},{""drug_id"":""paracetamol"",""indication_tag"":""analgésie""},{""drug_id"":""ondansetron"",""indication_tag"":""PONV""},{""drug_id"":""dexamethasone"",""indication_tag"":""PONV_anti-oedème""}],""intraop"":[""AG + IOT"",""Infiltration trocarts"",""Surveillance Pplateau"",""Prophylaxie NVPO multimodale"",""Antibioprophylaxie si cholécystite""],""postop"":[""RAAC"",""Analgésie multimodale"",""Sortie J0-J1"",""Alimentation précoce""],""preop"":[""Bilan hépatique"",""Évaluation standard"",""Score Apfel"",""Prémédication si anxiété""],""red_flags"":[""Lésion voies biliaires"",""Hémorragie artère cystique"",""Pneumothorax"",""Conversion laparotomie""]}}}";[];2026-02-25 22:46:08.093818+00;2026-02-25 22:46:08.093818+00
appendicectomie_urgente;Chirurgie générale;"{""en"":""Emergency appendectomy"",""fr"":""Appendicectomie urgente"",""pt"":""Apendicectomia urgente""}";"{""en"":[""appendectomy""],""fr"":[""appendicectomie"",""appendicite""],""pt"":[""apendicectomia""]}";"{""deep"":{""fr"":{""clinical"":[""ISR obligatoire en urgence abdominale."",""Rocuronium 1.2 mg/kg réversible par sugammadex.""],""pitfalls"":[""Ne pas retarder chirurgie pour jeûne."",""Diagnostics différentiels chez femme jeune.""],""references"":[{""source"":""SFAR"",""year"":2019},{""source"":""WSES"",""year"":2020}]}},""quick"":{""fr"":{""drugs"":[{""drug_id"":""propofol"",""indication_tag"":""induction_ISR""},{""drug_id"":""rocuronium"",""indication_tag"":""ISR""},{""drug_id"":""sugammadex"",""indication_tag"":""reversal""},{""drug_id"":""cefazoline"",""indication_tag"":""antibioprophylaxie""},{""drug_id"":""paracetamol"",""indication_tag"":""analgésie""},{""drug_id"":""morphine"",""indication_tag"":""analgésie_postop""}],""intraop"":[""ISR obligatoire"",""AG + IOT"",""Cœlioscopie standard"",""Antibioprophylaxie céfazoline ± métronidazole""],""postop"":[""Analgésie multimodale"",""Reprise alimentaire précoce"",""Surveillance infectieuse"",""Sortie J1-J2""],""preop"":[""Estomac plein"",""Bilan inflammatoire"",""Hydratation IV"",""Évaluation douleur"",""Antibiothérapie si péritonite""],""red_flags"":[""Inhalation bronchique"",""Péritonite généralisée"",""Abcès post-op""]}}}";[];2026-02-25 22:46:08.093818+00;2026-02-25 22:46:08.093818+00
hernie_discale_lombaire;Neurochirurgie;"{""en"":""Lumbar disc herniation (discectomy)"",""fr"":""Hernie discale lombaire (discectomie)"",""pt"":""Hérnia discal lombar (discectomia)""}";"{""en"":[""lumbar discectomy""],""fr"":[""hernie discale"",""discectomie"",""sciatique chirurgie""],""pt"":[""hérnia discal""]}";"{""deep"":{""fr"":{""clinical"":[""Position ventrale modifie mécanique ventilatoire."",""Kétamine améliore analgésie chez douloureux chroniques.""],""pitfalls"":[""Toujours vérifier yeux après positionnement."",""Déficit neurologique nouveau = urgence.""],""references"":[{""source"":""SFAR"",""year"":2021}]}},""quick"":{""fr"":{""drugs"":[{""drug_id"":""propofol"",""indication_tag"":""induction""},{""drug_id"":""rocuronium"",""indication_tag"":""intubation""},{""drug_id"":""sugammadex"",""indication_tag"":""reversal""},{""drug_id"":""paracetamol"",""indication_tag"":""analgésie""},{""drug_id"":""ketamine"",""indication_tag"":""co-analgésie""}],""intraop"":[""AG + IOT"",""Position ventrale"",""Protection points appui"",""Antibioprophylaxie céfazoline 2g"",""Kétamine si douloureux chronique"",""Normothermie""],""postop"":[""Évaluation neurologique immédiate"",""Analgésie multimodale + kétamine"",""Mobilisation précoce"",""Surveillance déficit""],""preop"":[""Évaluation neurologique de référence"",""Bilan standard"",""Douleur chronique fréquente"",""Position ventrale prévue""],""red_flags"":[""Syndrome queue de cheval"",""Hématome épidural compressif"",""Complications positionnement""]}}}";[];2026-02-25 22:46:08.093818+00;2026-02-25 22:46:08.093818+00
arthroscopie_epaule;Orthopédie;"{""en"":""Shoulder arthroscopy"",""fr"":""Arthroscopie de l épaule"",""pt"":""Artroscopia do ombro""}";"{""en"":[""shoulder scope""],""fr"":[""arthroscopie épaule"",""coiffe rotateurs""],""pt"":[""artroscopia ombro""]}";"{""deep"":{""fr"":{""clinical"":[""BIS gold standard analgésique épaule."",""Beach-chair : maintenir PAM ≥ 60 mmHg.""],""pitfalls"":[""Paralysie phrénique quasi constante avec BIS."",""Conversion PA bras-cerveau en beach-chair.""],""references"":[{""source"":""ASRA"",""year"":2023}]}},""quick"":{""fr"":{""drugs"":[{""drug_id"":""propofol"",""indication_tag"":""induction""},{""drug_id"":""bupivacaine"",""indication_tag"":""BIS""},{""drug_id"":""paracetamol"",""indication_tag"":""analgésie""},{""drug_id"":""ketorolac"",""indication_tag"":""analgésie""}],""intraop"":[""AG + IOT ± BIS échoguidé"",""Position beach-chair ou DL"",""Surveillance PA invasive recommandée"",""BIS bupivacaïne 0.375%"",""Normothermie""],""postop"":[""Analgésie via BIS + multimodale"",""Écharpe immobilisation"",""Surveillance neuro MS"",""AINS relais""],""preop"":[""Bilan standard + coagulation"",""Consentement BIS"",""Évaluation voies aériennes"",""Info paralysie phrénique""],""red_flags"":[""Paralysie phrénique"",""Syndrome Horner"",""Hypotension cérébrale beach-chair"",""Pneumothorax post-BIS""]}}}";[];2026-02-25 22:47:03.663414+00;2026-02-25 22:47:03.663414+00
hysteroscopie_ambulatoire;Gynécologie;"{""en"":""Outpatient hysteroscopy"",""fr"":""Hystéroscopie ambulatoire"",""pt"":""Histeroscopia ambulatória""}";"{""en"":[""hysteroscopy""],""fr"":[""hystéroscopie"",""polype utérin""],""pt"":[""histeroscopia""]}";"{""deep"":{""fr"":{""clinical"":[""Procédure ambulatoire par excellence."",""Masque laryngé suffisant.""],""pitfalls"":[""Monitorer bilan irrigation."",""Réaction vagale fréquente — atropine prête.""],""references"":[{""source"":""RCOG"",""year"":2019}]}},""quick"":{""fr"":{""drugs"":[{""drug_id"":""propofol"",""indication_tag"":""induction""},{""drug_id"":""paracetamol"",""indication_tag"":""analgésie""},{""drug_id"":""ondansetron"",""indication_tag"":""PONV""}],""intraop"":[""AG masque laryngé"",""Propofol AIVOC ou bolus"",""Position lithotomie"",""Surveillance irrigation"",""Prophylaxie NVPO""],""postop"":[""Sortie rapide Chung ≥ 9"",""Analgésie PO paracétamol + ibuprofène"",""Surveillance saignement"",""Consignes sortie""],""preop"":[""Test grossesse"",""Bilan standard minimal"",""Jeûne standard"",""Information ambulatoire""],""red_flags"":[""Perforation utérine"",""Surcharge liquidienne"",""Réaction vagale""]}}}";[];2026-02-25 22:47:03.663414+00;2026-02-25 22:47:03.663414+00
amygdalectomie_enfant;ORL;"{""en"":""Pediatric tonsillectomy"",""fr"":""Amygdalectomie chez l enfant"",""pt"":""Amigdalectomia na criança""}";"{""en"":[""tonsillectomy"",""T&A""],""fr"":[""amygdalectomie"",""amygdales"",""tonsillectomie""],""pt"":[""amigdalectomia""]}";"{""deep"":{""fr"":{""clinical"":[""Chirurgie pédiatrique fréquente à haut risque PONV."",""Enfants SAOS sensibles aux opioïdes."",""Dexaméthasone bénéfice démontré.""],""pitfalls"":[""NE JAMAIS codéine < 12 ans."",""Laryngospasme plus fréquent si extubation stade 2.""],""references"":[{""source"":""ADARPEF/SFAR"",""year"":2022}]}},""quick"":{""fr"":{""drugs"":[{""drug_id"":""propofol"",""indication_tag"":""induction""},{""drug_id"":""paracetamol"",""indication_tag"":""analgésie""},{""drug_id"":""dexamethasone"",""indication_tag"":""PONV_anti-oedème""},{""drug_id"":""ondansetron"",""indication_tag"":""PONV""},{""drug_id"":""morphine"",""indication_tag"":""analgésie_secours""}],""intraop"":[""AG + IOT tube RAE oral"",""Induction inhalatoire ou IV"",""Dexaméthasone 0.15 mg/kg"",""PAS de codéine < 12 ans"",""Paracétamol + ibuprofène"",""Ondansétron 0.1 mg/kg""],""postop"":[""Surveillance hémorragique 6h"",""Analgésie régulière"",""Hydratation puis orale"",""SAOS sévère : surveillance 24h"",""Morphine en secours si besoin""],""preop"":[""POIDS EXACT obligatoire"",""Évaluation SAOS"",""Bilan coagulation"",""Jeûne adapté à l âge"",""EMLA sur sites ponction""],""red_flags"":[""Hémorragie précoce ou tardive"",""Laryngospasme extubation"",""Dépression respiratoire"",""NVPO sévères""]}}}";[];2026-02-25 22:47:03.663414+00;2026-02-25 22:47:03.663414+00
arthroscopie_genou;Orthopédie;"{""en"":""Knee arthroscopy (meniscectomy/ACL)"",""fr"":""Arthroscopie du genou (méniscectomie/ligamentoplastie)"",""pt"":""Artroscopia do joelho""}";"{""en"":[""knee scope"",""ACL repair""],""fr"":[""arthroscopie genou"",""méniscectomie"",""LCA""],""pt"":[""artroscopia joelho""]}";"{""deep"":{""fr"":{""clinical"":[""Méniscectomie ambulatoire ; ligamentoplastie souvent 1 nuit."",""Bloc fémoral ou adducteurs améliore analgésie.""],""pitfalls"":[""Douleur post-ligamentoplastie souvent sous-estimée."",""Levée garrot peut provoquer hypotension.""],""references"":[{""source"":""ESSKA"",""year"":2022}]}},""quick"":{""fr"":{""drugs"":[{""drug_id"":""propofol"",""indication_tag"":""induction""},{""drug_id"":""bupivacaine"",""indication_tag"":""rachianesthésie""},{""drug_id"":""paracetamol"",""indication_tag"":""analgésie""},{""drug_id"":""cefazoline"",""indication_tag"":""antibioprophylaxie""}],""intraop"":[""AG ou rachianesthésie"",""Garrot pneumatique < 120 min"",""Antibioprophylaxie céfazoline 2g"",""Infiltration intra-articulaire"",""Décubitus dorsal genou fléchi""],""postop"":[""Analgésie multimodale"",""Cryothérapie"",""Prévention NVPO"",""Mobilisation précoce J0"",""Thromboprophylaxie si ligamentoplastie""],""preop"":[""Bilan standard"",""Évaluation mobilité et douleur"",""Jeûne standard"",""Information rééducation""],""red_flags"":[""Syndrome compartimental"",""TVP"",""Hémarthrose"",""Lésion neurovasculaire poplitée""]}}}";[];2026-02-25 22:47:43.380867+00;2026-02-25 22:47:43.380867+00
ptg;Orthopédie;"{""en"":""Total knee replacement (TKR)"",""fr"":""Prothèse totale de genou (PTG)"",""pt"":""Prótese total do joelho (PTJ)""}";"{""en"":[""TKR"",""knee replacement""],""fr"":[""PTG"",""prothèse genou""],""pt"":[""PTJ"",""artroplastia joelho""]}";"{""deep"":{""fr"":{""clinical"":[""Rachianesthésie + bloc adducteurs gold standard."",""ATX réduit pertes sanguines 30-50%.""],""pitfalls"":[""Levée garrot cause hypotension + acidose."",""Bloc fémoral moteur retarde rééducation.""],""references"":[{""source"":""ERAS Society"",""year"":2022}]}},""quick"":{""fr"":{""drugs"":[{""drug_id"":""bupivacaine"",""indication_tag"":""rachianesthésie""},{""drug_id"":""paracetamol"",""indication_tag"":""analgésie""},{""drug_id"":""acide_tranexamique"",""indication_tag"":""antifibrinolytique""},{""drug_id"":""cefazoline"",""indication_tag"":""antibioprophylaxie""}],""intraop"":[""Rachianesthésie ± bloc adducteurs"",""Garrot 120 min max"",""Antibioprophylaxie céfazoline 2g"",""Acide tranexamique 1g"",""Normothermie active""],""postop"":[""Analgésie multimodale + bloc nerveux"",""Thromboprophylaxie HBPM ≥ 14j"",""Mobilisation J0 RAAC"",""Cryothérapie + kinésithérapie"",""Surveillance neurovasculaire""],""preop"":[""Évaluation cardiovasculaire"",""Bilan NFS coag groupage RAI"",""Prophylaxie thromboembolique"",""Optimisation Hb si anémie""],""red_flags"":[""Syndrome compartimental"",""Fracture peropératoire"",""Embolie graisseuse"",""Infection prothétique précoce""]}}}";[];2026-02-25 22:47:43.380867+00;2026-02-25 22:47:43.380867+00
fracture_radius;Orthopédie;"{""en"":""Distal radius fracture fixation (ORIF)"",""fr"":""Fixation fracture radius distal (ORIF)"",""pt"":""Fixação fratura rádio distal""}";"{""en"":[""wrist fracture"",""ORIF radius""],""fr"":[""fracture poignet"",""ORIF radius""],""pt"":[""fratura punho""]}";"{""deep"":{""fr"":{""clinical"":[""Bloc axillaire offre analgésie prolongée."",""ORIF par plaque palmaire est standard.""],""pitfalls"":[""Canal carpien aigu post-op = urgence.""],""references"":[{""source"":""BSSH"",""year"":2021}]}},""quick"":{""fr"":{""drugs"":[{""drug_id"":""bupivacaine"",""indication_tag"":""bloc_axillaire""},{""drug_id"":""paracetamol"",""indication_tag"":""analgésie""}],""intraop"":[""Bloc axillaire ± sédation ou AG"",""Garrot brachial"",""Antibioprophylaxie si ouverte"",""Fluoroscopie""],""postop"":[""Analgésie multimodale"",""Surélévation membre"",""Surveillance neurovasculaire"",""Sortie J0 si bloc axillaire""],""preop"":[""Bilan standard"",""Évaluation neurovasculaire distale"",""Antalgiques en attente du bloc""],""red_flags"":[""Syndrome compartimental avant-bras"",""Lésion nerf médian"",""Déplacement secondaire""]}}}";[];2026-02-25 22:47:43.380867+00;2026-02-25 22:47:43.380867+00
osteosynthese_cheville;Orthopédie;"{""en"":""Ankle fracture fixation"",""fr"":""Ostéosynthèse de cheville"",""pt"":""Osteossíntese do tornozelo""}";"{""en"":[""ankle ORIF""],""fr"":[""fracture cheville"",""fracture malléole""],""pt"":[""fratura tornozelo""]}";"{""deep"":{""fr"":{""clinical"":[""Bloc poplité + saphène excellente analgésie."",""Rachianesthésie alternative fiable.""],""pitfalls"":[""Phlyctènes peuvent retarder chirurgie."",""Bloc poplité peut masquer syndrome compartimental.""],""references"":[{""source"":""AO Foundation"",""year"":2022}]}},""quick"":{""fr"":{""drugs"":[{""drug_id"":""bupivacaine"",""indication_tag"":""rachianesthésie""},{""drug_id"":""paracetamol"",""indication_tag"":""analgésie""},{""drug_id"":""cefazoline"",""indication_tag"":""antibioprophylaxie""}],""intraop"":[""Rachianesthésie ou bloc poplité + saphène"",""Garrot cuisse"",""Antibioprophylaxie céfazoline 2g"",""Fluoroscopie contrôle""],""postop"":[""Analgésie multimodale"",""Surélévation MI"",""Thromboprophylaxie HBPM"",""Non-appui 6 semaines""],""preop"":[""Bilan standard"",""Évaluation neurovasculaire pied"",""Immobilisation provisoire"",""Groupage si complexe""],""red_flags"":[""Syndrome compartimental jambe"",""Souffrance cutanée"",""TVP""]}}}";[];2026-02-25 22:47:43.380867+00;2026-02-25 22:47:43.380867+00
laminectomie_lombaire;Neurochirurgie;"{""en"":""Lumbar laminectomy"",""fr"":""Laminectomie lombaire"",""pt"":""Laminectomia lombar""}";"{""en"":[""lumbar decompression""],""fr"":[""laminectomie"",""sténose lombaire""],""pt"":[""laminectomia""]}";"{""deep"":{""fr"":{""clinical"":[""Multi-niveaux plus hémorragique."",""Kétamine améliore analgésie.""],""pitfalls"":[""Vérifier yeux après positionnement DV."",""Déficit nouveau = urgence chirurgicale.""],""references"":[{""source"":""NICE"",""year"":2022}]}},""quick"":{""fr"":{""drugs"":[{""drug_id"":""propofol"",""indication_tag"":""induction""},{""drug_id"":""rocuronium"",""indication_tag"":""intubation""},{""drug_id"":""paracetamol"",""indication_tag"":""analgésie""},{""drug_id"":""ketamine"",""indication_tag"":""co-analgésie""},{""drug_id"":""cefazoline"",""indication_tag"":""antibioprophylaxie""}],""intraop"":[""AG + IOT"",""Position ventrale Wilson frame"",""Protection yeux + points appui"",""Antibioprophylaxie céfazoline 2g"",""Surveillance pertes sanguines""],""postop"":[""Évaluation neurologique post-op"",""Analgésie multimodale + kétamine"",""Mobilisation précoce J0-J1"",""Surveillance drain""],""preop"":[""Évaluation neurologique de base"",""Bilan standard + coagulation"",""Comorbidités fréquentes (âgés)"",""Position ventrale prévue""],""red_flags"":[""Hématome épidural compressif"",""Syndrome queue de cheval"",""Complications positionnement""]}}}";[];2026-02-25 22:47:43.380867+00;2026-02-25 22:47:43.380867+00
arthrodese_cervicale;Neurochirurgie;"{""en"":""Anterior cervical discectomy and fusion (ACDF)"",""fr"":""Arthrodèse cervicale antérieure (ACDF)"",""pt"":""Artrodese cervical anterior (ACDF)""}";"{""en"":[""ACDF"",""cervical fusion""],""fr"":[""ACDF"",""arthrodèse cervicale""],""pt"":[""ACDF"",""artrodese cervical""]}";"{""deep"":{""fr"":{""clinical"":[""Intubation peut être difficile si canal étroit."",""Monitoring neurophysio recommandé multi-niveaux.""],""pitfalls"":[""Hématome cervical = urgence vitale."",""Toujours vérifier voix post-op.""],""references"":[{""source"":""NASS"",""year"":2022}]}},""quick"":{""fr"":{""drugs"":[{""drug_id"":""propofol"",""indication_tag"":""induction""},{""drug_id"":""rocuronium"",""indication_tag"":""intubation""},{""drug_id"":""paracetamol"",""indication_tag"":""analgésie""},{""drug_id"":""cefazoline"",""indication_tag"":""antibioprophylaxie""}],""intraop"":[""AG + IOT prudente fibroscopie si besoin"",""Décubitus dorsal cou extension modérée"",""Monitoring neurophysiologique"",""Antibioprophylaxie céfazoline 2g"",""Attention compression œsophage""],""postop"":[""Évaluation neurologique + voix"",""Surveillance hématome cervical"",""Analgésie paracétamol + AINS"",""Minerve selon chirurgien""],""preop"":[""Évaluation neurologique cervicale"",""Évaluation voies aériennes ++"",""Imagerie rachis disponible"",""Bilan standard""],""red_flags"":[""Hématome cervical compressif"",""Lésion nerf récurrent"",""Dysphagie post-op"",""Déficit neurologique nouveau""]}}}";[];2026-02-25 22:48:20.610424+00;2026-02-25 22:48:20.610424+00
rtu_bexiga;Urologie;"{""en"":""Transurethral resection of bladder (TURBT)"",""fr"":""Résection transurétrale de vessie (RTUV)"",""pt"":""Ressecção transuretral de bexiga (RTUV)""}";"{""en"":[""TURBT""],""fr"":[""RTUV"",""résection vésicale""],""pt"":[""RTUV""]}";"{""deep"":{""fr"":{""clinical"":[""Rachianesthésie détecte douleur perforation."",""Réflexe obturateur peut perforer vessie.""],""pitfalls"":[""Surveiller bilan liquidien."",""Ne pas confondre ballonnement avec perforation.""],""references"":[{""source"":""EAU"",""year"":2023}]}},""quick"":{""fr"":{""drugs"":[{""drug_id"":""bupivacaine"",""indication_tag"":""rachianesthésie""},{""drug_id"":""paracetamol"",""indication_tag"":""analgésie""}],""intraop"":[""Rachianesthésie T10 préférentielle"",""Éviter fasciculations réflexe obturateur"",""Surveillance irrigation"",""Antibioprophylaxie""],""postop"":[""Irrigation vésicale continue"",""Surveillance diurèse"",""Analgésie paracétamol"",""Retrait sonde J1-J2""],""preop"":[""ECBU stérile obligatoire"",""Bilan standard + coagulation"",""Arrêt anticoagulants"",""Info hématurie post-op""],""red_flags"":[""Perforation vésicale"",""Réflexe obturateur"",""Hémorragie massive"",""Hyponatrémie""]}}}";[];2026-02-25 22:48:20.610424+00;2026-02-25 22:48:20.610424+00
nephrostomie_dj;Urologie;"{""en"":""Percutaneous nephrostomy / Double-J stent"",""fr"":""Néphrostomie percutanée / Double-J"",""pt"":""Nefrostomia percutânea / Duplo-J""}";"{""en"":[""nephrostomy"",""DJ stent""],""fr"":[""néphrostomie"",""double J""],""pt"":[""nefrostomia"",""duplo J""]}";"{""deep"":{""fr"":{""clinical"":[""Souvent réalisée en urgence pour rein obstrué infecté."",""DJ posé par voie endoscopique.""],""pitfalls"":[""Antibiothérapie AVANT drainage rein infecté."",""Ponction haute risque pneumothorax.""],""references"":[{""source"":""EAU"",""year"":2023}]}},""quick"":{""fr"":{""drugs"":[{""drug_id"":""propofol"",""indication_tag"":""sédation""},{""drug_id"":""paracetamol"",""indication_tag"":""analgésie""},{""drug_id"":""cefazoline"",""indication_tag"":""antibioprophylaxie""}],""intraop"":[""AG courte ou sédation + AL"",""Position DV ou DL"",""Guidage fluoroscopique/écho"",""Antibioprophylaxie céfazoline""],""postop"":[""Surveillance drain"",""Analgésie paracétamol + AINS"",""Surveillance diurèse"",""Bilan infectieux contrôle""],""preop"":[""Bilan rénal"",""ECBU + bilan infectieux"",""Coagulation"",""Antibiothérapie si septique""],""red_flags"":[""Hémorragie rénale"",""Sepsis"",""Pneumothorax ponction haute"",""Lésion organes adjacents""]}}}";[];2026-02-25 22:48:20.610424+00;2026-02-25 22:48:20.610424+00
cesarienne_elective;Obstétrique;"{""en"":""Elective caesarean section"",""fr"":""Césarienne élective (programmée)"",""pt"":""Cesariana eletiva (programada)""}";"{""en"":[""elective c-section""],""fr"":[""césarienne programmée""],""pt"":[""cesariana programada""]}";"{""deep"":{""fr"":{""clinical"":[""Morphine IT gold standard analgésie césarienne."",""Phényléphrine perfusion prévient mieux hypotension.""],""pitfalls"":[""Surveillance respiratoire 24h si morphine IT."",""Prurit fréquent — nalbuphine si sévère.""],""references"":[{""source"":""SFAR/CARO"",""year"":2023}]}},""quick"":{""fr"":{""drugs"":[{""drug_id"":""bupivacaine"",""indication_tag"":""rachianesthésie""},{""drug_id"":""morphine"",""indication_tag"":""analgésie_IT""},{""drug_id"":""cefazoline"",""indication_tag"":""antibioprophylaxie""},{""drug_id"":""paracetamol"",""indication_tag"":""analgésie""},{""drug_id"":""ondansetron"",""indication_tag"":""PONV""}],""intraop"":[""Rachianesthésie bupivacaïne 10-12mg + sufentanil + morphine IT"",""Co-remplissage + phényléphrine IVSE"",""Antibioprophylaxie céfazoline 2g"",""Ocytocine 5 UI IV après extraction"",""Normothermie""],""postop"":[""Analgésie via morphine IT + paracétamol + AINS"",""Prévention NVPO ondansétron"",""Thromboprophylaxie HBPM"",""Peau-à-peau + allaitement"",""Mobilisation J0""],""preop"":[""Bilan NFS groupage RAI coag"",""Jeûne 6h/2h"",""Évaluation voies aériennes"",""Citrate sodium 30mL PO"",""VVP gros calibre""],""red_flags"":[""Hémorragie post-partum"",""Hypotension sévère post-rachi"",""Prurit morphine IT"",""Dépression respiratoire tardive""]}}}";[];2026-02-25 22:48:20.610424+00;2026-02-25 22:48:20.610424+00
conisation_leep;Gynécologie;"{""en"":""Conization / LEEP"",""fr"":""Conisation / LEEP"",""pt"":""Conização / LEEP""}";"{""en"":[""conization"",""LEEP"",""LLETZ""],""fr"":[""conisation"",""LEEP"",""CIN""],""pt"":[""conização"",""LEEP""]}";"{""deep"":{""fr"":{""clinical"":[""Procédure courte ambulatoire."",""Masque laryngé sans curarisation suffisant.""],""pitfalls"":[""Réaction vagale fréquente — atropine prête."",""Saignement J7-J10 possible.""],""references"":[{""source"":""CNGOF"",""year"":2020}]}},""quick"":{""fr"":{""drugs"":[{""drug_id"":""propofol"",""indication_tag"":""induction""},{""drug_id"":""paracetamol"",""indication_tag"":""analgésie""},{""drug_id"":""ondansetron"",""indication_tag"":""PONV""}],""intraop"":[""AG masque laryngé 15-30 min"",""Position gynécologique"",""Pas de curarisation"",""Prophylaxie NVPO si FDR""],""postop"":[""Sortie J0"",""Analgésie paracétamol ± ibuprofène"",""Surveillance saignement"",""Consignes sortie""],""preop"":[""Test grossesse"",""Bilan standard minimal"",""Jeûne standard"",""Information ambulatoire""],""red_flags"":[""Hémorragie cervicale"",""Perforation utérine"",""Réaction vagale""]}}}";[];2026-02-25 22:48:20.610424+00;2026-02-25 22:48:20.610424+00
hernie_inguinale;Chirurgie générale;"{""en"":""Inguinal hernia repair (laparoscopic/TEP)"",""fr"":""Hernie inguinale (laparoscopie/TEP)"",""pt"":""Hérnia inguinal (laparoscopia/TEP)""}";"{""en"":[""inguinal hernia"",""TEP repair""],""fr"":[""hernie inguinale"",""TEP"",""TAPP""],""pt"":[""hérnia inguinal""]}";"{""deep"":{""fr"":{""clinical"":[""TEP nécessite bonne curarisation."",""TAP block complète analgésie.""],""pitfalls"":[""Rétention urinaire fréquente."",""Douleur chronique 5-10% des patients.""],""references"":[{""source"":""HerniaSurge"",""year"":2018}]}},""quick"":{""fr"":{""drugs"":[{""drug_id"":""propofol"",""indication_tag"":""induction""},{""drug_id"":""rocuronium"",""indication_tag"":""intubation""},{""drug_id"":""sugammadex"",""indication_tag"":""reversal""},{""drug_id"":""paracetamol"",""indication_tag"":""analgésie""}],""intraop"":[""AG + IOT curarisation"",""Infiltration trocarts"",""Antibioprophylaxie si prothèse"",""Pneumopéritoine""],""postop"":[""Analgésie multimodale"",""RAAC sortie J0"",""Reprise activité J1-J2"",""Éviter efforts 4-6 sem""],""preop"":[""Bilan standard"",""Évaluation risque NVPO"",""Jeûne standard"",""Information ambulatoire""],""red_flags"":[""Hématome inguino-scrotal"",""Lésion vésicale TEP"",""Rétention urinaire"",""Douleur chronique""]}}}";[];2026-02-25 22:48:54.535328+00;2026-02-25 22:48:54.535328+00
thyroidectomie;Chirurgie générale;"{""en"":""Thyroidectomy"",""fr"":""Thyroïdectomie"",""pt"":""Tiroidectomia""}";"{""en"":[""thyroidectomy""],""fr"":[""thyroïdectomie"",""thyroïde""],""pt"":[""tiroidectomia""]}";"{""deep"":{""fr"":{""clinical"":[""NIM nécessite absence de curarisation résiduelle."",""Hypocalcémie complication la plus fréquente.""],""pitfalls"":[""Hématome cervical = urgence vitale."",""Curarisation interfère avec NIM.""],""references"":[{""source"":""ATA"",""year"":2022}]}},""quick"":{""fr"":{""drugs"":[{""drug_id"":""propofol"",""indication_tag"":""induction""},{""drug_id"":""rocuronium"",""indication_tag"":""intubation""},{""drug_id"":""sugammadex"",""indication_tag"":""reversal""},{""drug_id"":""paracetamol"",""indication_tag"":""analgésie""}],""intraop"":[""AG + IOT"",""Monitoring nerf récurrent NIM"",""Hyperextension cervicale"",""Hémostase méticuleuse""],""postop"":[""Surveillance voix dysphonie"",""Surveillance hypocalcémie Chvostek"",""Surveillance hématome cervical"",""Analgésie paracétamol""],""preop"":[""Bilan thyroïdien euthyroïdie"",""Laryngoscopie pré-op"",""Évaluation VA goitre"",""Calcium + vitamine D baseline"",""Bilan standard""],""red_flags"":[""Hématome cervical compressif"",""Hypocalcémie aiguë"",""Paralysie récurrentielle bilatérale"",""Crise thyréotoxique""]}}}";[];2026-02-25 22:48:54.535328+00;2026-02-25 22:48:54.535328+00
mastectomie;Chirurgie générale;"{""en"":""Mastectomy / lumpectomy"",""fr"":""Mastectomie / tumorectomie"",""pt"":""Mastectomia / tumorectomia""}";"{""en"":[""mastectomy"",""lumpectomy""],""fr"":[""mastectomie"",""tumorectomie"",""chirurgie sein""],""pt"":[""mastectomia"",""tumorectomia""]}";"{""deep"":{""fr"":{""clinical"":[""Bloc PECS II gold standard chirurgie mammaire."",""Douleur chronique touche 20-50% des patientes.""],""pitfalls"":[""Très haut risque NVPO — prophylaxie triple."",""PECS trop profond = pneumothorax.""],""references"":[{""source"":""ESRA"",""year"":2021}]}},""quick"":{""fr"":{""drugs"":[{""drug_id"":""propofol"",""indication_tag"":""induction""},{""drug_id"":""bupivacaine"",""indication_tag"":""bloc_PECS""},{""drug_id"":""paracetamol"",""indication_tag"":""analgésie""},{""drug_id"":""ondansetron"",""indication_tag"":""PONV""},{""drug_id"":""dexamethasone"",""indication_tag"":""PONV""}],""intraop"":[""AG + IOT ou ML"",""Bloc PECS I+II échoguidé"",""Décubitus dorsal bras abduction"",""Antibioprophylaxie si prothèse"",""Prophylaxie NVPO multimodale""],""postop"":[""Analgésie bloc régional + multimodale"",""Surveillance drain"",""Prévention NVPO agressive"",""Kinésithérapie épaule""],""preop"":[""Bilan standard + coagulation"",""Évaluation psychologique"",""Repérage ganglion sentinelle"",""Information douleur chronique""],""red_flags"":[""Hématome expansif"",""Lymphœdème"",""Douleur chronique SDPM"",""Pneumothorax bloc PECS""]}}}";[];2026-02-25 22:48:54.535328+00;2026-02-25 22:48:54.535328+00
septoplastie;ORL;"{""en"":""Septoplasty / functional rhinoplasty"",""fr"":""Septoplastie / rhinoplastie fonctionnelle"",""pt"":""Septoplastia / rinoplastia funcional""}";"{""en"":[""septoplasty"",""rhinoplasty""],""fr"":[""septoplastie"",""rhinoplastie"",""cloison nasale""],""pt"":[""septoplastia"",""rinoplastia""]}";"{""deep"":{""fr"":{""clinical"":[""Extubation prudente — aspiration oropharyngée systématique."",""Position proclive réduit saignement.""],""pitfalls"":[""Hématome cloison = urgence drainage."",""Protection oculaire chirurgie faciale.""],""references"":[{""source"":""SFORL"",""year"":2020}]}},""quick"":{""fr"":{""drugs"":[{""drug_id"":""propofol"",""indication_tag"":""induction""},{""drug_id"":""rocuronium"",""indication_tag"":""intubation""},{""drug_id"":""paracetamol"",""indication_tag"":""analgésie""},{""drug_id"":""ondansetron"",""indication_tag"":""PONV""}],""intraop"":[""AG + IOT tube RAE oral"",""Méchage vasoconstricteur"",""Position proclive 15-20°"",""Extubation prudente sang oropharynx""],""postop"":[""Méchage nasal retrait J1-J2"",""Analgésie paracétamol + AINS"",""Humidification nasale"",""Position tête surélevée""],""preop"":[""Bilan standard"",""Évaluation VA"",""Arrêt aspirine/AINS 7j"",""Jeûne standard""],""red_flags"":[""Hémorragie post-op"",""Hématome cloison"",""Inhalation sang extubation""]}}}";[];2026-02-25 22:48:54.535328+00;2026-02-25 22:48:54.535328+00
microlaryngoscopie;ORL;"{""en"":""Suspension microlaryngoscopy"",""fr"":""Microlaryngoscopie en suspension"",""pt"":""Microlaringoscopia em suspensão""}";"{""en"":[""microlaryngoscopy"",""MLS""],""fr"":[""microlaryngoscopie"",""MLS"",""chirurgie laryngée""],""pt"":[""microlaringoscopia"",""MLS""]}";"{""deep"":{""fr"":{""clinical"":[""TIVA obligatoire si voies aériennes ouvertes."",""Jet ventilation nécessite expertise."",""Curarisation profonde essentielle.""],""pitfalls"":[""Feu VA avec laser = catastrophe — FiO2 < 0.4."",""Plan sauvetage airway toujours prêt.""],""references"":[{""source"":""SFORL"",""year"":2021}]}},""quick"":{""fr"":{""drugs"":[{""drug_id"":""propofol"",""indication_tag"":""TIVA""},{""drug_id"":""rocuronium"",""indication_tag"":""curarisation_profonde""},{""drug_id"":""sugammadex"",""indication_tag"":""reversal""},{""drug_id"":""dexamethasone"",""indication_tag"":""anti-oedème_laryngé""}],""intraop"":[""AG TIVA propofol + rémifentanil"",""IOT petit calibre ou jet ventilation"",""Curarisation profonde"",""Protection oculaire + dentaire"",""FiO2 < 0.4 si laser""],""postop"":[""Surveillance respiratoire œdème laryngé"",""Dexaméthasone IV si œdème"",""Repos vocal"",""Position semi-assise"",""Surveillance saturation""],""preop"":[""Évaluation VA ++ stridor"",""Scanner si tumeur volumineuse"",""Bilan standard"",""Plan airway avec chirurgien""],""red_flags"":[""Œdème laryngé post-op"",""Feu voies aériennes laser"",""Fracture dentaire"",""Impossibilité ventilation""]}}}";[];2026-02-25 22:48:54.535328+00;2026-02-25 22:48:54.535328+00
ptg;Orthopédie;"{""en"": ""Total knee replacement (TKR)"", ""fr"": ""Prothèse totale de genou (PTG)"", ""pt"": ""Prótese total do joelho (PTJ)""}";"{""en"": [""TKR"", ""knee arthroplasty""], ""fr"": [""PTG"", ""arthroplastie genou""], ""pt"": [""PTJ"", ""artroplastia joelho""]}";"{""deep"": {""fr"": {""clinical"": [""Douleur postopératoire intense."", ""Garrot souvent utilisé, risque ischémique.""], ""pitfalls"": [""Saignement post-garrot."", ""Douleur difficile à gérer si pas d'anesthésie régionale.""], ""references"": [{""source"": ""ESA"", ""year"": 2022}]}}, ""quick"": {""fr"": {""drugs"": [{""drug_id"": ""paracetamol"", ""indication_tag"": ""analgésie""}, {""drug_id"": ""bupivacaine"", ""indication_tag"": ""ALR""}], ""intraop"": [""Rachi ou AG"", ""Bloc canal des adducteurs"", ""Garrot""], ""postop"": [""Glace"", ""Mobilisation précoce""], ""preop"": [""Jeûne"", ""Bilan standard""], ""red_flags"": [""Syndrome loges"", ""TVP""]}}}";[];2026-02-25 23:59:54.632129+00:00;2026-02-25 23:59:54.632247+00:00
appendicectomie;Chirurgie générale;"{""en"": ""Appendectomy"", ""fr"": ""Appendicectomie"", ""pt"": ""Apendicectomia""}";"{""en"": [""Appy""], ""fr"": [""Appendicite""], ""pt"": [""Apendicite""]}";"{""deep"": {""fr"": {""clinical"": [""Souvent en urgence."", ""Estomac plein fréquent.""], ""pitfalls"": [""Péritonite si perforation.""], ""references"": [{""source"": ""WSES"", ""year"": 2020}]}}, ""quick"": {""fr"": {""drugs"": [{""drug_id"": ""propofol"", ""indication_tag"": ""induction""}], ""intraop"": [""AG avec ISR"", ""Laparoscopie""], ""postop"": [""Analgésie"", ""Reprise alimentaire""], ""preop"": [""Jeûne incertain"", ""Antibioprophylaxie""], ""red_flags"": [""Choc septique""]}}}";[];2026-02-25 23:59:54.632321+00:00;2026-02-25 23:59:54.632341+00:00
cataracte;Ophtalmologie;"{""en"": ""Cataract surgery"", ""fr"": ""Chirurgie de la cataracte"", ""pt"": ""Cirurgia de catarata""}";"{""en"": [""Phacoemulsification""], ""fr"": [""Phaco"", ""Cataracte""], ""pt"": [""Faco""]}";"{""deep"": {""fr"": {""clinical"": [""Patient souvent très âgé."", ""Chirurgie très courte, topique fréquente.""], ""pitfalls"": [""Mouvements du patient per-op.""], ""references"": [{""source"": ""AAO"", ""year"": 2021}]}}, ""quick"": {""fr"": {""drugs"": [{""drug_id"": ""tetracaine"", ""indication_tag"": ""topique""}], ""intraop"": [""Anesthésie topique ou péribulbaire"", ""Sédation légère""], ""postop"": [""Gouttes"", ""Sortie rapide""], ""preop"": [""Gouttes mydriatiques""], ""red_flags"": [""Hémorragie expulsive""]}}}";[];2026-02-25 23:59:54.632399+00:00;2026-02-25 23:59:54.632407+00:00
cure_hernie;Chirurgie générale;"{""en"": ""Inguinal hernia repair"", ""fr"": ""Cure de hernie inguinale"", ""pt"": ""Herniorrafia inguinal""}";"{""en"": [""Hernia repair""], ""fr"": [""Hernie"", ""Lichtenstein""], ""pt"": [""Hérnia""]}";"{""deep"": {""fr"": {""clinical"": [""Ambulatoire."", ""Risque de rétention aiguë d'urine.""], ""pitfalls"": [""Douleur chronique postop.""], ""references"": [{""source"": ""HerniaSurge"", ""year"": 2018}]}}, ""quick"": {""fr"": {""drugs"": [{""drug_id"": ""paracetamol"", ""indication_tag"": ""analgésie""}], ""intraop"": [""AG, Rachi ou AL"", ""Pose de plaque""], ""postop"": [""Surveillance miction""], ""preop"": [""Douche antiseptique""], ""red_flags"": [""Hématome scrotal""]}}}";[];2026-02-25 23:59:54.632499+00:00;2026-02-25 23:59:54.632507+00:00
colonoscopie;Gastro-entérologie;"{""en"": ""Colonoscopy"", ""fr"": ""Coloscopie"", ""pt"": ""Colonoscopia""}";"{""en"": [""Endoscopy""], ""fr"": [""Colo"", ""FIBRO""], ""pt"": [""Colono""]}";"{""deep"": {""fr"": {""clinical"": [""Dépistage cancer colorectal."", ""Sédation profonde souvent requise.""], ""pitfalls"": [""Déshydratation liée à la préparation."", ""Perforation.""], ""references"": [{""source"": ""ESGE"", ""year"": 2022}]}}, ""quick"": {""fr"": {""drugs"": [{""drug_id"": ""propofol"", ""indication_tag"": ""sédation""}], ""intraop"": [""Sédation au propofol"", ""Insufflation CO2""], ""postop"": [""Réveil rapide"", ""Gaz fréquents""], ""preop"": [""Préparation colique"", ""Jeûne""], ""red_flags"": [""Perforation colique"", ""Saignement post-polypectomie""]}}}";[];2026-02-25 23:59:54.632551+00:00;2026-02-25 23:59:54.632556+00:00
cabg;Chirurgie cardiaque;"{""en"": ""Coronary artery bypass grafting (CABG)"", ""fr"": ""Pontage aorto-coronarien (PAC)"", ""pt"": ""Bypass coronário (CABG)""}";"{""en"": [""Bypass""], ""fr"": [""PAC"", ""Pontage""], ""pt"": [""Ponte de safena""]}";"{""deep"": {""fr"": {""clinical"": [""Patient coronarien lourd."", ""CEC ou à cœur battant.""], ""pitfalls"": [""Choc cardiogénique en sortie de CEC."", ""Saignement.""], ""references"": [{""source"": ""ESC"", ""year"": 2021}]}}, ""quick"": {""fr"": {""drugs"": [{""drug_id"": ""heparine"", ""indication_tag"": ""anticoagulation""}, {""drug_id"": ""protamine"", ""indication_tag"": ""réversion""}], ""intraop"": [""AG lourde"", ""VVP gros calibre, KTA, VVC"", ""Héparinisation puis réversion""], ""postop"": [""Réanimation"", ""Extubation précoce si possible""], ""preop"": [""Arrêt P2Y12 selon recos"", ""Bilan complet""], ""red_flags"": [""Tamponnade"", ""Infarctus peropératoire""]}}}";[];2026-02-25 23:59:54.632609+00:00;2026-02-25 23:59:54.632617+00:00
thyroidectomie;ORL;"{""en"": ""Thyroidectomy"", ""fr"": ""Thyroïdectomie"", ""pt"": ""Tiroidectomia""}";"{""en"": [""Thyroid removal""], ""fr"": [""Thyroïde""], ""pt"": [""Tireoidectomia""]}";"{""deep"": {""fr"": {""clinical"": [""Risque sur les nerfs récurrents."", ""Monitorage nerveux fréquent.""], ""pitfalls"": [""Hématome compressif = urgence vitale."", ""Hypocalcémie.""], ""references"": [{""source"": ""ATA"", ""year"": 2015}]}}, ""quick"": {""fr"": {""drugs"": [{""drug_id"": ""sugammadex"", ""indication_tag"": ""réversion si monitorage""}], ""intraop"": [""AG"", ""Pas de curares si monitorage NIM"", ""Installation en proclive, cou en hyperextension""], ""postop"": [""Surveillance loge"", ""Calcémie""], ""preop"": [""Bilan thyroïdien"", ""Consultation anesthésie""], ""red_flags"": [""Hématome cervical suffocant"", ""Dysphonie""]}}}";[];2026-02-25 23:59:54.632688+00:00;2026-02-25 23:59:54.632696+00:00
amygdalectomie;ORL;"{""en"": ""Tonsillectomy"", ""fr"": ""Amygdalectomie"", ""pt"": ""Amigdalectomia""}";"{""en"": [""Tonsils""], ""fr"": [""Amygdales""], ""pt"": [""Amígdalas""]}";"{""deep"": {""fr"": {""clinical"": [""Douleur très intense postop."", ""Risque hémorragique J0 et J7.""], ""pitfalls"": [""Enfant avec SAOS = sensibilité aux opioïdes."", ""Saignement occulte dégluti.""], ""references"": [{""source"": ""SFORL"", ""year"": 2021}]}}, ""quick"": {""fr"": {""drugs"": [{""drug_id"": ""paracetamol"", ""indication_tag"": ""analgésie""}, {""drug_id"": ""dexamethasone"", ""indication_tag"": ""PONV/oedème""}], ""intraop"": [""AG avec IOT"", ""Ouvre-bouche""], ""postop"": [""Glace"", ""Analgésie multimodale sans AINS selon école""], ""preop"": [""Dépistage SAOS""], ""red_flags"": [""Hémorragie post-amygdalectomie (urgence vitale)""]}}}";[];2026-02-25 23:59:54.632749+00:00;2026-02-25 23:59:54.632765+00:00
hysterectomie;Gynécologie;"{""en"": ""Hysterectomy"", ""fr"": ""Hystérectomie"", ""pt"": ""Histerectomia""}";"{""en"": [""Uterus removal""], ""fr"": [""Hystéro""], ""pt"": [""Histero""]}";"{""deep"": {""fr"": {""clinical"": [""Voie haute, basse ou coelio."", ""Souvent RAAC.""], ""pitfalls"": [""Lésion urétérale."", ""Saignement abondant.""], ""references"": [{""source"": ""ERAS"", ""year"": 2019}]}}, ""quick"": {""fr"": {""drugs"": [{""drug_id"": ""acide_tranexamique"", ""indication_tag"": ""saignement""}], ""intraop"": [""AG ou Rachi"", ""Trendelenburg si coelio""], ""postop"": [""Retrait sonde urinaire rapide"", ""Analgésie AINS/Paracétamol""], ""preop"": [""Bilan martial si saignements chroniques""], ""red_flags"": [""Fistule urétéro-vaginale"", ""Hémorragie""]}}}";[];2026-02-25 23:59:54.632935+00:00;2026-02-25 23:59:54.632943+00:00
rhinoplastie;Chirurgie plastique;"{""en"": ""Rhinoplasty"", ""fr"": ""Rhinoplastie"", ""pt"": ""Rinoplastia""}";"{""en"": [""Nose job""], ""fr"": [""Rhino""], ""pt"": [""Plástica no nariz""]}";"{""deep"": {""fr"": {""clinical"": [""Chirurgie esthétique ou fonctionnelle."", ""Saignement dans le pharynx perop.""], ""pitfalls"": [""Sang dans les voies aériennes = NVPO majeurs ou spasme.""], ""references"": [{""source"": ""ASPS"", ""year"": 2020}]}}, ""quick"": {""fr"": {""drugs"": [{""drug_id"": ""ondansetron"", ""indication_tag"": ""PONV""}, {""drug_id"": ""dexamethasone"", ""indication_tag"": ""oedème""}], ""intraop"": [""AG avec IOT armée"", ""Méchage"", ""Infiltration adrénalinée par chirurgien""], ""postop"": [""Tête surélevée"", ""Oxygène humidifié""], ""preop"": [""Jeûne strict""], ""red_flags"": [""Hépistaxis sévère""]}}}";[];2026-02-25 23:59:54.633002+00:00;2026-02-25 23:59:54.633017+00:00
canal_carpien;Orthopédie;"{""en"": ""Carpal tunnel release"", ""fr"": ""Libération du canal carpien"", ""pt"": ""Síndrome do túnel cárpico""}";"{""en"": [""CTR""], ""fr"": [""Carpien""], ""pt"": [""Túnel do carpo""]}";"{""deep"": {""fr"": {""clinical"": [""Extrêmement fréquent, rapide."", ""Anesthésie locale ou WALANT.""], ""pitfalls"": [""Tourniquet douloureux si patient mal sédaté.""], ""references"": [{""source"": ""AAOS"", ""year"": 2022}]}}, ""quick"": {""fr"": {""drugs"": [{""drug_id"": ""lidocaine"", ""indication_tag"": ""AL""}], ""intraop"": [""AL ou bloc axillaire court"", ""Garrot pneumatique (sauf WALANT)""], ""postop"": [""Main surélevée"", ""Mobilisation doigts""], ""preop"": [""Standard""], ""red_flags"": [""Lésion nerf médian""]}}}";[];2026-02-25 23:59:54.633080+00:00;2026-02-25 23:59:54.633088+00:00
sleeve_gastrectomy;Chirurgie bariatrique;"{""en"": ""Sleeve gastrectomy"", ""fr"": ""Sleeve gastrectomie"", ""pt"": ""Sleeve gástrico""}";"{""en"": [""Sleeve""], ""fr"": [""Sleeve"", ""Gastrectomie longitudinale""], ""pt"": [""Gastrectomia vertical""]}";"{""deep"": {""fr"": {""clinical"": [""Patient obèse sévère."", ""Difficultés d'accès veineux et voies aériennes.""], ""pitfalls"": [""Fistule ligne d'agrafage = sepsis sévère."", ""Dosage médicaments selon poids idéal ou corrigé.""], ""references"": [{""source"": ""ERAS bariatric"", ""year"": 2021}]}}, ""quick"": {""fr"": {""drugs"": [{""drug_id"": ""sugammadex"", ""indication_tag"": ""réversion curare (doses adaptées)""}], ""intraop"": [""AG IOT"", ""Installation rampe (position proclive)"", ""Ventilation protectrice + PEEP""], ""postop"": [""CPAP si SAOS"", ""Déambulation très précoce""], ""preop"": [""Dépistage SAOS"", ""ECG, ETT si besoin""], ""red_flags"": [""Tachycardie inexpliquée (signe de fistule)"", ""Embolie pulmonaire""]}}}";[];2026-02-25 23:59:54.633138+00:00;2026-02-25 23:59:54.633145+00:00
gastric_bypass;Chirurgie bariatrique;"{""en"": ""Gastric bypass"", ""fr"": ""Bypass gastrique"", ""pt"": ""Bypass gástrico""}";"{""en"": [""Roux-en-Y"", ""Bypass""], ""fr"": [""Bypass"", ""Court-circuit gastrique""], ""pt"": [""Derivação gástrica""]}";"{""deep"": {""fr"": {""clinical"": [""Plus complexe que la sleeve."", ""Risque de malabsorption postop.""], ""pitfalls"": [""Saignement ou fistule aux anastomoses."", ""Ulcère marginal si tabac.""], ""references"": [{""source"": ""ASMBS"", ""year"": 2022}]}}, ""quick"": {""fr"": {""drugs"": [{""drug_id"": ""ondansetron"", ""indication_tag"": ""PONV majeurs""}], ""intraop"": [""Similaire à la sleeve"", ""Durée plus longue""], ""postop"": [""Gestion agressive NVPO"", ""Alimentation liquide""], ""preop"": [""Sevrage tabagique obligatoire""], ""red_flags"": [""Hémorragie intraluminale"", ""Obstruction""]}}}";[];2026-02-25 23:59:54.633185+00:00;2026-02-25 23:59:54.633196+00:00
craniotomie_tumeur;Neurochirurgie;"{""en"": ""Craniotomy for brain tumor"", ""fr"": ""Craniotomie pour tumeur"", ""pt"": ""Craniotomia para tumor""}";"{""en"": [""Brain surgery""], ""fr"": [""Exérèse de tumeur cérébrale"", ""Volet""], ""pt"": [""Cirurgia cerebral""]}";"{""deep"": {""fr"": {""clinical"": [""Gestion de la PIC."", ""Chirurgie éveillée possible (Awake craniotomy).""], ""pitfalls"": [""Hypertension intracrânienne peropératoire."", ""Embolie gazeuse si position assise.""], ""references"": [{""source"": ""SNACC"", ""year"": 2020}]}}, ""quick"": {""fr"": {""drugs"": [{""drug_id"": ""mannitol"", ""indication_tag"": ""baisse PIC""}, {""drug_id"": ""propofol"", ""indication_tag"": ""TIVA (baisse CMRO2)""}], ""intraop"": [""TIVA privilégiée"", ""Contrôle strict PaCO2 et hémodynamique"", ""Tête dans têtière à pointes (Mayfield)""], ""postop"": [""Réveil rapide et qualitatif (évaluation neuro)"", ""Soins continus/Réanimation""], ""preop"": [""Évaluation neuro de base"", ""Corticothérapie fréquente""], ""red_flags"": [""Hématome intracrânien postop"", ""Crise comitiale""]}}}";[];2026-02-25 23:59:54.633246+00:00;2026-02-25 23:59:54.633250+00:00
evar;Chirurgie vasculaire;"{""en"": ""Endovascular aneurysm repair (EVAR)"", ""fr"": ""Cure d'anévrisme de l'aorte abdominale par endoprothèse (EVAR)"", ""pt"": ""Reparação endovascular de aneurisma (EVAR)""}";"{""en"": [""EVAR""], ""fr"": [""Endoprothèse aortique""], ""pt"": [""EVAR""]}";"{""deep"": {""fr"": {""clinical"": [""Alternative moins invasive à la chirurgie ouverte."", ""Radiologie interventionnelle.""], ""pitfalls"": [""Rupture d'anévrisme peropératoire."", ""Néphrotoxicité du produit de contraste.""], ""references"": [{""source"": ""ESVS"", ""year"": 2019}]}}, ""quick"": {""fr"": {""drugs"": [{""drug_id"": ""heparine"", ""indication_tag"": ""anticoagulation""}], ""intraop"": [""AL, Rachi ou AG"", ""Héparinisation"", ""Artériographie""], ""postop"": [""Surveillance points de ponction (fémoraux)"", ""Fonction rénale""], ""preop"": [""Hydratation (protection rénale)"", ""Bilan cardiovasculaire lourd""], ""red_flags"": [""Ischémie de membre"", ""Choc hémorragique (rupture)"", ""Endofuites""]}}}";[];2026-02-25 23:59:54.633305+00:00;2026-02-25 23:59:54.633313+00:00
pacemaker;Cardiologie;"{""en"": ""Pacemaker insertion"", ""fr"": ""Pose de stimulateur cardiaque (Pacemaker)"", ""pt"": ""Implante de pacemaker""}";"{""en"": [""PM"", ""PPM""], ""fr"": [""PM"", ""Pile""], ""pt"": [""Marcapasso""]}";"{""deep"": {""fr"": {""clinical"": [""Procédure sous anesthésie locale + sédation."", ""Patient souvent sous anti-thrombotiques.""], ""pitfalls"": [""Pneumothorax lors ponction sous-clavière."", ""Perforation VD par la sonde.""], ""references"": [{""source"": ""ESC"", ""year"": 2021}]}}, ""quick"": {""fr"": {""drugs"": [{""drug_id"": ""lidocaine"", ""indication_tag"": ""AL locale""}, {""drug_id"": ""midazolam"", ""indication_tag"": ""sédation légère""}], ""intraop"": [""AL du site pectoral"", ""Fluoroscopie""], ""postop"": [""Radio thorax de contrôle"", ""Immobilisation relative bras""], ""preop"": [""Vérification indication"", ""Gestion anticoagulants""], ""red_flags"": [""Tamponnade"", ""Pneumothorax"", ""Déplacement de sonde""]}}}";[];2026-02-25 23:59:54.633350+00:00;2026-02-25 23:59:54.633361+00:00
tumorectomie_sein;Gynécologie;"{""en"": ""Breast lumpectomy"", ""fr"": ""Tumorectomie mammaire"", ""pt"": ""Tumorectomia mamária""}";"{""en"": [""Partial mastectomy""], ""fr"": [""Chirurgie conservatrice sein""], ""pt"": [""Nodulectomia""]}";"{""deep"": {""fr"": {""clinical"": [""Ambulatoire."", ""Douleur modérée mais NVPO très fréquents (jeunes femmes).""], ""pitfalls"": [""Oubli prévention NVPO."", ""Douleur neuropathique postop.""], ""references"": [{""source"": ""PROSPECT"", ""year"": 2020}]}}, ""quick"": {""fr"": {""drugs"": [{""drug_id"": ""propofol"", ""indication_tag"": ""induction TIVA (réduit NVPO)""}, {""drug_id"": ""ondansetron"", ""indication_tag"": ""PONV""}], ""intraop"": [""AG courte avec masque laryngé"", ""Blocs pectoraux (PECS block) très efficaces""], ""postop"": [""Sortie rapide"", ""Soutien-gorge sans armature""], ""preop"": [""Repérage tumeur si infra-clinique (harpon)""], ""red_flags"": [""Hématome du sein""]}}}";[];2026-02-25 23:59:54.633428+00:00;2026-02-25 23:59:54.633435+00:00
laminectomie;Neurochirurgie;"{""en"": ""Laminectomy"", ""fr"": ""Laminectomie"", ""pt"": ""Laminectomia""}";"{""en"": [""Spinal decompression""], ""fr"": [""Canal lombaire étroit"", ""Décompression""], ""pt"": [""Descompressão lombar""]}";"{""deep"": {""fr"": {""clinical"": [""Position ventrale (décubitus ventral)."", ""Risques liés au positionnement.""], ""pitfalls"": [""Cécité postopératoire (neuropathie ischémique optique) si chirurgie longue/saignement."", ""Compression oculaire/face.""], ""references"": [{""source"": ""ASA Task Force on Perioperative Visual Loss"", ""year"": 2019}]}}, ""quick"": {""fr"": {""drugs"": [{""drug_id"": ""acide_tranexamique"", ""indication_tag"": ""saignement""}], ""intraop"": [""AG avec IOT"", ""Installation soignée en DV (appui visage libre, abdomen libre)""], ""postop"": [""Analgésie majeure (morphine)"", ""Surveillance déficit moteur/sensitif""], ""preop"": [""Vérification IRM""], ""red_flags"": [""Hématome épidural compressif"", ""Brèche durale (fuite LCR)""]}}}";[];2026-02-25 23:59:54.633477+00:00;2026-02-25 23:59:54.633481+00:00
posthectomie;Urologie;"{""en"": ""Circumcision"", ""fr"": ""Posthectomie (Circoncision)"", ""pt"": ""Circuncisão""}";"{""en"": [""Circ""], ""fr"": [""Circoncision"", ""Phimosis""], ""pt"": [""Postectomia""]}";"{""deep"": {""fr"": {""clinical"": [""Fréquent chez l'enfant et adulte (phimosis)."", ""Bloc pénien très efficace.""], ""pitfalls"": [""Bloc pénien avec adrénaline formellement proscrit (nécrose).""], ""references"": [{""source"": ""EAU"", ""year"": 2023}]}}, ""quick"": {""fr"": {""drugs"": [{""drug_id"": ""ropivacaine"", ""indication_tag"": ""bloc pénien (SANS adrénaline)""}], ""intraop"": [""AG (enfant) ou AL/ALR (adulte)"", ""Bloc des nerfs dorsaux de la verge""], ""postop"": [""Vaseline sur cicatrice"", ""Analgésie simple""], ""preop"": [""Information locale""], ""red_flags"": [""Hématome ou saignement actif"", ""Ischémie du gland (rare mais grave)""]}}}";[];2026-02-25 23:59:54.633533+00:00;2026-02-25 23:59:54.633539+00:00
hemorroidectomie;Chirurgie digestive;"{""en"": ""Hemorrhoidectomy"", ""fr"": ""Hémorroïdectomie"", ""pt"": ""Hemorroidectomia""}";"{""en"": [""Hemorrhoids""], ""fr"": [""Cure d'hémorroïdes"", ""Milligan-Morgan""], ""pt"": [""Cirurgia de hemorroidas""]}";"{""deep"": {""fr"": {""clinical"": [""Extrêmement douloureux en postopératoire."", ""Rétention urinaire fréquente.""], ""pitfalls"": [""Spasme sphinctérien postopérant majorant la douleur."", ""Opiacés = constipation = douleur.""], ""references"": [{""source"": ""PROSPECT"", ""year"": 2019}]}}, ""quick"": {""fr"": {""drugs"": [{""drug_id"": ""ketoprofene"", ""indication_tag"": ""AINS très efficaces""}], ""intraop"": [""AG ou Rachi"", ""Position de la taille (lithotomie)"", ""Infiltration pudendale par chirurgien""], ""postop"": [""Laxatifs systématiques"", ""Bains de siège""], ""preop"": [""Lavement éventuel""], ""red_flags"": [""Hémorragie post-chute d'escarre (J7-J10)"", ""Rétention aiguë d'urine""]}}}";[];2026-02-25 23:59:54.633574+00:00;2026-02-25 23:59:54.633578+00:00
discectomie;Neurochirurgie;"{""en"": ""Lumbar discectomy"", ""fr"": ""Discectomie lombaire"", ""pt"": ""Discectomia lombar""}";"{""en"": [""Microdiscectomy""], ""fr"": [""Hernie discale"", ""Cure de hernie discale""], ""pt"": [""Hérnia discal""]}";"{""deep"": {""fr"": {""clinical"": [""Installation en décubitus ventral complexe."", ""Surveillance des points d'appui essentielle.""], ""pitfalls"": [""Lésion d'un gros vaisseau rétro-péritonéal (urgence absolue)."", ""Cécité ischémique post-op si appui oculaire.""], ""references"": [{""source"": ""ASA Guidelines"", ""year"": 2019}]}}, ""quick"": {""fr"": {""drugs"": [{""drug_id"": ""paracetamol"", ""indication_tag"": ""analgésie""}, {""drug_id"": ""morphine"", ""indication_tag"": ""titration postop""}], ""intraop"": [""AG IOT"", ""Décubitus ventral sur cadre de Wilson/billots"", ""Libération de l'abdomen""], ""postop"": [""Surveillance neurologique MS/MI"", ""Lève-toi et marche précoce""], ""preop"": [""Bilan neuro de base""], ""red_flags"": [""Déficit moteur postop"", ""Saignement abondant par le drain""]}}}";[];2026-02-26 00:19:28.149387+00:00;2026-02-26 00:19:28.149432+00:00
pte;Orthopédie;"{""en"": ""Total shoulder replacement"", ""fr"": ""Prothèse totale d'épaule"", ""pt"": ""Prótese total do ombro""}";"{""en"": [""Shoulder arthroplasty"", ""TSR""], ""fr"": [""PTE"", ""Arthroplastie épaule""], ""pt"": [""Artroplastia do ombro""]}";"{""deep"": {""fr"": {""clinical"": [""Installation en position demi-assise (beach chair)."", ""Risque de réflexe de Bezold-Jarisch (hypotension/bradycardie).""], ""pitfalls"": [""Ischémie cérébrale en position assise si PAM trop basse."", ""Pneumothorax lié au bloc interscalénique.""], ""references"": [{""source"": ""ASRA"", ""year"": 2021}]}}, ""quick"": {""fr"": {""drugs"": [{""drug_id"": ""ropivacaine"", ""indication_tag"": ""Bloc interscalénique""}, {""drug_id"": ""ephedrine"", ""indication_tag"": ""hypotension""}], ""intraop"": [""AG + Bloc interscalénique"", ""Position Beach Chair"", ""Maintien PAM > 65-70 mmHg stricte""], ""postop"": [""Immobilisation coude au corps"", ""Analgésie couverte par le bloc""], ""preop"": [""Évaluation neuro vasculaire"", ""Écho cardiaque si sténose aortique""], ""red_flags"": [""Dyspnée postop (paralysie phrénique)"", ""Hématome cervical""]}}}";[];2026-02-26 00:19:28.149519+00:00;2026-02-26 00:19:28.149528+00:00
arthro_genou;Orthopédie;"{""en"": ""Knee arthroscopy"", ""fr"": ""Arthroscopie du genou"", ""pt"": ""Artroscopia do joelho""}";"{""en"": [""Scope""], ""fr"": [""Méniscectomie"", ""LCA""], ""pt"": [""Artroscopia""]}";"{""deep"": {""fr"": {""clinical"": [""Ambulatoire par excellence."", ""Garrot pneumatique cuisse souvent utilisé.""], ""pitfalls"": [""Douleur aiguë à la levée du garrot."", ""TVP postopératoire si immobilisation.""], ""references"": [{""source"": ""ESAIC"", ""year"": 2022}]}}, ""quick"": {""fr"": {""drugs"": [{""drug_id"": ""propofol"", ""indication_tag"": ""induction""}, {""drug_id"": ""ketoprofene"", ""indication_tag"": ""analgésie""}], ""intraop"": [""AG avec masque laryngé ou Rachianesthésie"", ""Garrot à 250-300 mmHg""], ""postop"": [""Cryothérapie locale"", ""Appui selon consigne chirurgicale""], ""preop"": [""Vérification membre à opérer (marquage)""], ""red_flags"": [""Syndrome des loges"", ""Infection articulaire""]}}}";[];2026-02-26 00:19:28.149590+00:00;2026-02-26 00:19:28.149598+00:00
amputation_mi;Orthopédie;"{""en"": ""Lower limb amputation"", ""fr"": ""Amputation membre inférieur"", ""pt"": ""Amputação do membro inferior""}";"{""en"": [""AKA"", ""BKA""], ""fr"": [""Amputation fémorale"", ""Amputation tibiale""], ""pt"": [""Amputação""]}";"{""deep"": {""fr"": {""clinical"": [""Patients très comorbides (diabète, AOMI, coronaropathie)."", ""Risque majeur de douleur fantôme.""], ""pitfalls"": [""Saignement massif si perte du contrôle vasculaire."", ""Décompensation cardiaque peropératoire.""], ""references"": [{""source"": ""PROSPECT"", ""year"": 2020}]}}, ""quick"": {""fr"": {""drugs"": [{""drug_id"": ""ketamine"", ""indication_tag"": ""prévention douleur fantôme""}, {""drug_id"": ""bupivacaine"", ""indication_tag"": ""ALR ou cathéter périnerveux""}], ""intraop"": [""AG ou Rachianesthésie prudente"", ""Bloc sciatique/fémoral"", ""Contrôle glycémique""], ""postop"": [""Gestion agressive de la douleur (Kétamine, Gabapentinoïdes)"", ""Soutien psychologique""], ""preop"": [""Bilan cardio complet"", ""Optimisation Hb""], ""red_flags"": [""Choc hémorragique"", ""Ischémie du moignon"", ""IDM postop""]}}}";[];2026-02-26 00:19:28.149700+00:00;2026-02-26 00:19:28.149714+00:00
cesarienne_prog;Obstétrique;"{""en"": ""Elective caesarean section"", ""fr"": ""Césarienne programmée"", ""pt"": ""Cesariana eletiva""}";"{""en"": [""Elective C-section""], ""fr"": [""Césarienne froide""], ""pt"": [""Cesariana programada""]}";"{""deep"": {""fr"": {""clinical"": [""Standardisation RAAC post-césarienne."", ""La rachianesthésie est le gold standard.""], ""pitfalls"": [""Hypotension maternelle induite par la rachi (effets fœtaux)."", ""Atonie utérine post-extraction.""], ""references"": [{""source"": ""ERAS"", ""year"": 2019}]}}, ""quick"": {""fr"": {""drugs"": [{""drug_id"": ""bupivacaine"", ""indication_tag"": ""rachianesthésie""}, {""drug_id"": ""phenylephrine"", ""indication_tag"": ""prophylaxie/traitement hypotension""}, {""drug_id"": ""oxytocine"", ""indication_tag"": ""utérotonique""}], ""intraop"": [""Rachi avec bupivacaïne + sufentanil + morphine"", ""Cale sous fesse droite (DLG)"", ""Perfusion phényléphrine prophylactique"", ""Peau à peau peropératoire""], ""postop"": [""Réhabilitation précoce"", ""Retrait sonde J0"", ""AINS + Paracétamol""], ""preop"": [""Antiacide (citrate sodium)"", ""Jeûne respecté""], ""red_flags"": [""Hémorragie du post-partum"", ""Bloc rachidien étendu""]}}}";[];2026-02-26 00:19:28.149791+00:00;2026-02-26 00:19:28.149798+00:00
ligature_trompes;Gynécologie;"{""en"": ""Tubal ligation"", ""fr"": ""Ligature des trompes"", ""pt"": ""Laqueação tubarica""}";"{""en"": [""Tubal sterilization""], ""fr"": [""Stérilisation tubaire""], ""pt"": [""Laqueadura""]}";"{""deep"": {""fr"": {""clinical"": [""Procédure courte, ambulatoire."", ""Geste coelioscopique = risque classique de ponction.""], ""pitfalls"": [""Douleur pelvienne et scapulaire liée au pneumopéritoine.""], ""references"": [{""source"": ""ACOG"", ""year"": 2020}]}}, ""quick"": {""fr"": {""drugs"": [{""drug_id"": ""propofol"", ""indication_tag"": ""induction""}, {""drug_id"": ""paracetamol"", ""indication_tag"": ""analgésie""}], ""intraop"": [""AG IOT ou ML"", ""Laparoscopie"", ""Trendelenburg modéré""], ""postop"": [""Sortie rapide"", ""Analgésie simple""], ""preop"": [""Confirmation consentement spécifique délai légal""], ""red_flags"": [""Lésion vasculaire ou digestive (trocarts)""]}}}";[];2026-02-26 00:19:28.149904+00:00;2026-02-26 00:19:28.149925+00:00
kystectomie_ovarienne;Gynécologie;"{""en"": ""Ovarian cystectomy"", ""fr"": ""Kystectomie ovarienne"", ""pt"": ""Cistectomia ovárica""}";"{""en"": [""Ovarian cyst removal""], ""fr"": [""Kyste ovaire""], ""pt"": [""Remoção de cisto no ovário""]}";"{""deep"": {""fr"": {""clinical"": [""Coelioscopie le plus souvent."", ""Risque de conversion en laparotomie si malignité suspectée.""], ""pitfalls"": [""Rupture d'un kyste dermoïde ou malin peropératoire."", ""Hémorragie du lit ovarien.""], ""references"": [{""source"": ""CNGOF"", ""year"": 2021}]}}, ""quick"": {""fr"": {""drugs"": [{""drug_id"": ""sugammadex"", ""indication_tag"": ""réversion""}, {""drug_id"": ""ondansetron"", ""indication_tag"": ""NVPO""}], ""intraop"": [""AG IOT"", ""Curarisation pour faciliter l'accès pelvien"", ""Protection des bras""], ""postop"": [""Prévention stricte des NVPO"", ""Reprise alimentation J0""], ""preop"": [""Test de grossesse si femme en âge de procréer""], ""red_flags"": [""Péritonite"", ""Hémorragie occulte""]}}}";[];2026-02-26 00:19:28.150003+00:00;2026-02-26 00:19:28.150009+00:00
conisation;Gynécologie;"{""en"": ""Cervical conization"", ""fr"": ""Conisation"", ""pt"": ""Conização""}";"{""en"": [""Cone biopsy"", ""LEEP""], ""fr"": [""Anse diathermique"", ""Biopsie col""], ""pt"": [""CAF""]}";"{""deep"": {""fr"": {""clinical"": [""Chirurgie ultra-courte (10-15 min)."", ""Risque de réflexe vagal majeur lors de la traction sur le col.""], ""pitfalls"": [""Saignement artériel cervico-utérin.""], ""references"": [{""source"": ""ESGO"", ""year"": 2020}]}}, ""quick"": {""fr"": {""drugs"": [{""drug_id"": ""atropine"", ""indication_tag"": ""si bradycardie vagale""}], ""intraop"": [""Sédation (propofol) ou AG masque laryngé ou AL"", ""Position de la taille (lithotomie)""], ""postop"": [""Sortie dans l'heure"", ""Saignements minimes normaux""], ""preop"": [""Installation rapide""], ""red_flags"": [""Hémorragie abondante nécessitant un méchage""]}}}";[];2026-02-26 00:19:28.150084+00:00;2026-02-26 00:19:28.150096+00:00
nephrectomie;Urologie;"{""en"": ""Nephrectomy"", ""fr"": ""Néphrectomie"", ""pt"": ""Nefrectomia""}";"{""en"": [""Kidney removal""], ""fr"": [""Exérèse rein""], ""pt"": [""Remoção de rim""]}";"{""deep"": {""fr"": {""clinical"": [""Laparoscopie ou robot-assistée."", ""Patient souvent en décubitus latéral extrême.""], ""pitfalls"": [""Pneumopéritoine + décubitus latéral = retentissement hémodynamique sévère."", ""Plaie de la veine cave (surtout néphrectomie droite).""], ""references"": [{""source"": ""EAU Guidelines"", ""year"": 2022}]}}, ""quick"": {""fr"": {""drugs"": [{""drug_id"": ""ephedrine"", ""indication_tag"": ""hypotension""}, {""drug_id"": ""paracetamol"", ""indication_tag"": ""analgésie""}], ""intraop"": [""AG IOT"", ""Décubitus latéral strict avec cassure de table"", ""Protéger points d'appui (plexus brachial, nerf fibulaire)""], ""postop"": [""Surveillance diurèse horaire"", ""Fonction rénale du rein restant""], ""preop"": [""Évaluation fonction rénale"", ""Groupage, RAI""], ""red_flags"": [""Choc hémorragique (veine cave, veine rénale)"", ""Anurie""]}}}";[];2026-02-26 00:19:28.150168+00:00;2026-02-26 00:19:28.150175+00:00
cystectomie;Urologie;"{""en"": ""Radical cystectomy"", ""fr"": ""Cystectomie radicale"", ""pt"": ""Cistectomia radical""}";"{""en"": [""Bladder removal""], ""fr"": [""Bricker"", ""Cysto-prostatectomie""], ""pt"": [""Cistectomia""]}";"{""deep"": {""fr"": {""clinical"": [""Intervention lourde, longue et hémorragique."", ""Création d'une dérivation urinaire (Bricker ou néovessie)."", ""Parcours ERAS majeur.""], ""pitfalls"": [""Pertes thermiques et sanguines importantes."", ""Sepsis postopératoire.""], ""references"": [{""source"": ""ERAS Cystectomy"", ""year"": 2022}]}}, ""quick"": {""fr"": {""drugs"": [{""drug_id"": ""noradrenaline"", ""indication_tag"": ""soutien hémodynamique""}, {""drug_id"": ""acide_tranexamique"", ""indication_tag"": ""antifibrinolytique""}], ""intraop"": [""AG IOT + Cathéter péridural ou TAP bloc/cathéters de paroi"", ""Voie veineuse centrale, KTA"", ""Prévention hypothermie agressive""], ""postop"": [""USI/Réanimation"", ""Reprise transit précoce avec alvimopan ou gomme à mâcher""], ""preop"": [""Optimisation nutritionnelle"", ""Correction anémie""], ""red_flags"": [""Fuite anastomotique"", ""Choc septique"", ""Infarctus""]}}}";[];2026-02-26 00:19:28.150266+00:00;2026-02-26 00:19:28.150276+00:00
hydrocele;Urologie;"{""en"": ""Hydrocele repair"", ""fr"": ""Cure d'hydrocèle"", ""pt"": ""Cura de hidrócelo""}";"{""en"": [""Hydrocelectomy""], ""fr"": [""Cure de kyste cordon""], ""pt"": [""Hidrocelectomia""]}";"{""deep"": {""fr"": {""clinical"": [""Intervention courte de surface."", ""Anesthésie locale, ALR ou AG courte.""], ""pitfalls"": [""Hématome scrotal compressif très douloureux.""], ""references"": [{""source"": ""EAU"", ""year"": 2021}]}}, ""quick"": {""fr"": {""drugs"": [{""drug_id"": ""paracetamol"", ""indication_tag"": ""analgésie""}, {""drug_id"": ""ibuprofene"", ""indication_tag"": ""anti-inflammatoire postop""}], ""intraop"": [""AG ML ou Rachianesthésie ou Infiltration"", ""Suspensoir scrotal mis en fin d'intervention""], ""postop"": [""Sortie le jour même"", ""Glace locale""], ""preop"": [""Rasage scrotal limité au bloc""], ""red_flags"": [""Gros hématome (syndrome compressif)""]}}}";[];2026-02-26 00:19:28.150352+00:00;2026-02-26 00:19:28.150376+00:00
tavi;Cardiologie;"{""en"": ""Transcatheter Aortic Valve Implantation (TAVI)"", ""fr"": ""Implantation percutanée de valve aortique (TAVI)"", ""pt"": ""TAVI""}";"{""en"": [""TAVR""], ""fr"": [""TAVI"", ""Valve percutanée""], ""pt"": [""TAVI""]}";"{""deep"": {""fr"": {""clinical"": [""Sténose aortique sévère chez patient fragile."", ""Sédation consciente ou AG selon les centres.""], ""pitfalls"": [""Bloc auriculo-ventriculaire complet requérant PM en urgence."", ""Tamponnade par perforation par guide rigide."", ""Occlusion coronaire par le feuillet natif.""], ""references"": [{""source"": ""ESC/EACTS"", ""year"": 2021}]}}, ""quick"": {""fr"": {""drugs"": [{""drug_id"": ""heparine"", ""indication_tag"": ""anticoagulation (ACT > 250s)""}, {""drug_id"": ""noradrenaline"", ""indication_tag"": ""maintien hémodynamique""}], ""intraop"": [""Sédation (MAC) ou AG courte"", ""Pacing ventriculaire rapide (180-200 bpm) lors du déploiement"", ""Héparinisation puis réversion éventuelle""], ""postop"": [""USIC"", ""Surveillance ECG continue (risque BAV complet)""], ""preop"": [""Écho cardiaque, Scanner de voie d'abord"", ""Maintien d'une précharge adéquate""], ""red_flags"": [""Choc cardiogénique"", ""Rupture de l'anneau aortique"", ""AVC""]}}}";[];2026-02-26 00:19:28.150456+00:00;2026-02-26 00:19:28.150464+00:00
endarteriectomie_carotidienne;Chirurgie vasculaire;"{""en"": ""Carotid endarterectomy (CEA)"", ""fr"": ""Endartériectomie carotidienne"", ""pt"": ""Endarterectomia carotídea""}";"{""en"": [""CEA""], ""fr"": [""Carotide""], ""pt"": [""Endarterectomia""]}";"{""deep"": {""fr"": {""clinical"": [""Objectif : éviter l'ischémie cérébrale per-clampage."", ""ALR (bloc cervical) permet le monitoring neuro éveillé.""], ""pitfalls"": [""Instabilité hémodynamique (hypertension de déclampage vs hypotension)."", ""Hématome cervical = urgence respiratoire.""], ""references"": [{""source"": ""ESVS"", ""year"": 2023}]}}, ""quick"": {""fr"": {""drugs"": [{""drug_id"": ""heparine"", ""indication_tag"": ""héparinisation avant clampage""}, {""drug_id"": ""urapidil"", ""indication_tag"": ""si HTA sévère de déclampage""}], ""intraop"": [""Bloc du plexus cervical superficiel/profond OU AG avec monitorage (NIRS, BIS, EEG)"", ""Maintien PAM haute pendant le clampage"", ""Shunt si souffrance neuro""], ""postop"": [""Contrôle strict de la TA (risque d'hémorragie cérébrale ou hématome loge)"", ""Surveillance neuro""], ""preop"": [""Poursuite antiagrégants"", ""Évaluation cardiaque""], ""red_flags"": [""Déficit neuro postop"", ""Détresse respiratoire par hématome""]}}}";[];2026-02-26 00:19:28.150554+00:00;2026-02-26 00:19:28.150566+00:00
varices;Chirurgie vasculaire;"{""en"": ""Varicose vein surgery"", ""fr"": ""Chirurgie des varices"", ""pt"": ""Cirurgia de varizes""}";"{""en"": [""Vein stripping"", ""EVLA""], ""fr"": [""Stripping"", ""Radiofréquence saphène""], ""pt"": [""Varizes""]}";"{""deep"": {""fr"": {""clinical"": [""Souvent par radiofréquence ou laser endoveineux."", ""Tumescence par infiltration locale échoguidée fréquente.""], ""pitfalls"": [""Lésion du nerf saphène si ponction trop distale.""], ""references"": [{""source"": ""ESVS"", ""year"": 2022}]}}, ""quick"": {""fr"": {""drugs"": [{""drug_id"": ""lidocaine"", ""indication_tag"": ""anesthésie par tumescence""}], ""intraop"": [""AL locale par tumescence, Sédation ou AG légère"", ""Échographie indispensable""], ""postop"": [""Mobilisation immédiate"", ""Bas de contention""], ""preop"": [""Marquage des veines debout avant anesthésie""], ""red_flags"": [""Thrombose veineuse profonde postop"", ""Hématome extensif""]}}}";[];2026-02-26 00:19:28.150656+00:00;2026-02-26 00:19:28.150667+00:00
colectomie_gauche;Chirurgie digestive;"{""en"": ""Left hemicolectomy"", ""fr"": ""Colectomie gauche"", ""pt"": ""Colectomia esquerda""}";"{""en"": [""Sigmoidectomy""], ""fr"": [""Sigmoïdectomie"", ""Hartmann""], ""pt"": [""Sigmoidectomia""]}";"{""deep"": {""fr"": {""clinical"": [""Parcours ERAS (RAAC) standardisé."", ""Privilégier analgésie épargnant les opiacés pour reprise du transit.""], ""pitfalls"": [""Lésion uretère gauche."", ""Fistule anastomotique postopératoire.""], ""references"": [{""source"": ""ERAS Colorectal"", ""year"": 2018}]}}, ""quick"": {""fr"": {""drugs"": [{""drug_id"": ""dexamethasone"", ""indication_tag"": ""antiémétique et anti-inflammatoire""}, {""drug_id"": ""lidocaine"", ""indication_tag"": ""perfusion continue (analgésie, reprise transit)""}], ""intraop"": [""AG IOT + TAP bloc bilatéral ou péridurale thoracique (si ouvert)"", ""Optimisation volémique ciblée"", ""Laparoscopie usuelle""], ""postop"": [""Retrait sonde nasogastrique immédiat"", ""Alimentation J0"", ""Mobilisation J0""], ""preop"": [""Préparation colique mécanique + antibiotique (selon protocole)"", ""Immunonutrition""], ""red_flags"": [""Tachycardie, fièvre J3-J5 (fistule anastomotique)"", ""Éviscération""]}}}";[];2026-02-26 00:19:28.150740+00:00;2026-02-26 00:19:28.150747+00:00
hepatectomie_droite;Chirurgie digestive;"{""en"": ""Right hepatectomy"", ""fr"": ""Hépatectomie droite"", ""pt"": ""Hepatectomia direita""}";"{""en"": [""Liver resection""], ""fr"": [""Résection hépatique""], ""pt"": [""Ressecção hepática""]}";"{""deep"": {""fr"": {""clinical"": [""Risque hémorragique majeur per-résection."", ""Maintien d'une PVC basse (< 5 mmHg) pour limiter le saignement veineux.""], ""pitfalls"": [""Choc hémorragique par lésion sus-hépatique."", ""Embolie gazeuse.""], ""references"": [{""source"": ""ERAS Liver Surgery"", ""year"": 2022}]}}, ""quick"": {""fr"": {""drugs"": [{""drug_id"": ""propofol"", ""indication_tag"": ""induction""}, {""drug_id"": ""norepinephrine"", ""indication_tag"": ""maintien perfusion sans surcharge liquidienne""}], ""intraop"": [""AG IOT"", ""KTA + VVC"", ""Restriction hydrosodée stricte per-clampage hépatique (Pringle)"", ""Remplissage après déclampage""], ""postop"": [""Surveillance de la fonction hépatique (TP, Facteur V)"", ""USI ou Soins continus""], ""preop"": [""Bilan hépatique complet"", ""Volumétrie hépatique (scanner)""], ""red_flags"": [""Saignement actif par le drain"", ""Insuffisance hépatique postopératoire (encéphalopathie)""]}}}";[];2026-02-26 00:19:28.150811+00:00;2026-02-26 00:19:28.150819+00:00
dpc;Chirurgie digestive;"{""en"": ""Pancreaticoduodenectomy (Whipple)"", ""fr"": ""Duodénopancréatectomie céphalique (DPC)"", ""pt"": ""Duodenopancreatectomia (Whipple)""}";"{""en"": [""Whipple procedure""], ""fr"": [""Whipple"", ""DPC""], ""pt"": [""Cirurgia de Whipple""]}";"{""deep"": {""fr"": {""clinical"": [""Chirurgie parmi les plus lourdes de la sphère digestive."", ""Longue durée (4-8h), pertes liquidiennes massives par 3ème secteur.""], ""pitfalls"": [""Instabilité hémodynamique majeure."", ""Dénutrition sévère du patient préopératoire.""], ""references"": [{""source"": ""ERAS Pancreatic"", ""year"": 2019}]}}, ""quick"": {""fr"": {""drugs"": [{""drug_id"": ""noradrenaline"", ""indication_tag"": ""vasopresseur cible PAM > 65""}], ""intraop"": [""AG IOT + Péridurale thoracique ou cathéter de paroi"", ""Monitoring avancé (KTA, VVC, VVP x2 gros calibre)"", ""Gestion de la glycémie stricte""], ""postop"": [""Réanimation / Soins continus"", ""Surveillance amylase dans les drains""], ""preop"": [""Correction anémie"", ""Support nutritionnel""], ""red_flags"": [""Fistule pancréatique (amylase drain élevée)"", ""Hémorragie retardée par pseudo-anévrisme""]}}}";[];2026-02-26 00:19:28.150879+00:00;2026-02-26 00:19:28.150886+00:00
cure_eventration;Chirurgie digestive;"{""en"": ""Incisional hernia repair"", ""fr"": ""Cure d'éventration"", ""pt"": ""Cura de eventração""}";"{""en"": [""Ventral hernia repair""], ""fr"": [""Plaque abdominale"", ""Eventration""], ""pt"": [""Hérnia incisional""]}";"{""deep"": {""fr"": {""clinical"": [""Chirurgie pariétale, très douloureuse en l'absence de bloc de paroi."", ""Risque respiratoire si réintégration d'un grand volume.""], ""pitfalls"": [""Syndrome du compartiment abdominal postopératoire si perte de droit de cité.""], ""references"": [{""source"": ""HerniaSurge"", ""year"": 2018}]}}, ""quick"": {""fr"": {""drugs"": [{""drug_id"": ""ropivacaine"", ""indication_tag"": ""TAP bloc ou bloc rectus bilatéral""}, {""drug_id"": ""paracetamol"", ""indication_tag"": ""analgésie base""}], ""intraop"": [""AG IOT (pression intra-abdo et relâchement musculaire)"", ""Curares profonds pour faciliter la fermeture (Sugammadex prêt)""], ""postop"": [""Ceinture de contention abdominale"", ""Kinésithérapie respiratoire""], ""preop"": [""Perte de poids si IMC élevé"", ""Sevrage tabac""], ""red_flags"": [""Détresse respiratoire par hyperpression abdominale"", ""Plaie grêle méconnue""]}}}";[];2026-02-26 00:19:28.151007+00:00;2026-02-26 00:19:28.151019+00:00
septoplastie;ORL;"{""en"": ""Septoplasty"", ""fr"": ""Septoplastie"", ""pt"": ""Septoplastia""}";"{""en"": [""Deviated septum repair""], ""fr"": [""Cloison nasale""], ""pt"": [""Desvio de septo""]}";"{""deep"": {""fr"": {""clinical"": [""Souvent couplée à une turbinoplastie."", ""Chirurgie avec méchage postopératoire très inconfortable.""], ""pitfalls"": [""Inhalation de sang si protection insuffisante."", ""NVPO très fréquents liés au sang dégluti.""], ""references"": [{""source"": ""SFORL"", ""year"": 2021}]}}, ""quick"": {""fr"": {""drugs"": [{""drug_id"": ""dexamethasone"", ""indication_tag"": ""anti-oedème et antiémétique""}, {""drug_id"": ""ondansetron"", ""indication_tag"": ""prophylaxie NVPO majeure""}], ""intraop"": [""AG avec IOT armée ou ML protecteur (selon équipe)"", ""Infiltration locale par le chirurgien (adrénaline = risque tachycardie)""], ""postop"": [""Respiration buccale obligatoire (sécheresse)"", ""Glace sur le nez""], ""preop"": [""Jeûne standard""], ""red_flags"": [""Hémorragie nasale active non contrôlée"", ""Hématome du septum (urgence à drainer)""]}}}";[];2026-02-26 00:19:28.151089+00:00;2026-02-26 00:19:28.151095+00:00
parotidectomie;ORL;"{""en"": ""Parotidectomy"", ""fr"": ""Parotidectomie"", ""pt"": ""Parotidectomia""}";"{""en"": [""Parotid gland removal""], ""fr"": [""Glande parotide""], ""pt"": [""Remoção da parótida""]}";"{""deep"": {""fr"": {""clinical"": [""Identification et préservation du nerf facial (VII) primordiales."", ""Monitorage du nerf facial (NIM) indispensable.""], ""pitfalls"": [""Utilisation de curares à longue durée d'action (rend le monitorage impossible).""], ""references"": [{""source"": ""AAO-HNS"", ""year"": 2020}]}}, ""quick"": {""fr"": {""drugs"": [{""drug_id"": ""propofol"", ""indication_tag"": ""TIVA privilégiée si monitorage""}, {""drug_id"": ""sugammadex"", ""indication_tag"": ""décurarisation totale avant incision si curare pour intubation""}], ""intraop"": [""AG IOT"", ""Tête tournée du côté opposé"", ""Monitorage facial (pas de curares après l'induction)""], ""postop"": [""Évaluation de la motricité faciale au réveil"", ""Surveillance loge de parotidectomie""], ""preop"": [""Consentement risque paralysie faciale""], ""red_flags"": [""Paralysie faciale postopératoire"", ""Hématome compressif cervical""]}}}";[];2026-02-26 00:19:28.151173+00:00;2026-02-26 00:19:28.151184+00:00
tracheotomie;ORL;"{""en"": ""Tracheostomy"", ""fr"": ""Trachéotomie"", ""pt"": ""Traqueostomia""}";"{""en"": [""Trach""], ""fr"": [""Trachéo""], ""pt"": [""Traqueo""]}";"{""deep"": {""fr"": {""clinical"": [""Percutanée (en réa) ou chirurgicale (au bloc)."", ""Partage des voies aériennes critique.""], ""pitfalls"": [""Perte des voies aériennes lors du recul de la sonde d'intubation."", ""Feu des voies aériennes avec le bistouri électrique (FiO2 doit être < 30%).""], ""references"": [{""source"": ""DAS"", ""year"": 2021}]}}, ""quick"": {""fr"": {""drugs"": [{""drug_id"": ""propofol"", ""indication_tag"": ""maintien sédation""}, {""drug_id"": ""rocuronium"", ""indication_tag"": ""curarisation pour éviter la toux""}], ""intraop"": [""AG IOT (patient déjà intubé souvent)"", ""Baisse FiO2 < 0.3 avant ouverture trachée"", ""Retrait partiel sonde IOT sous contrôle visuel direct""], ""postop"": [""Fixation sécurisée de la canule"", ""Radio thorax de contrôle si doute""], ""preop"": [""Vérification matériel de secours (masque, mandrin long)""], ""red_flags"": [""Canule fausse route (emphysème sous-cutané, désaturation)"", ""Hémorragie artérielle (tronc brachio-céphalique)""]}}}";[];2026-02-26 00:19:28.151287+00:00;2026-02-26 00:19:28.151298+00:00
abdominoplastie;Chirurgie plastique;"{""en"": ""Abdominoplasty (Tummy Tuck)"", ""fr"": ""Abdominoplastie"", ""pt"": ""Abdominoplastia""}";"{""en"": [""Tummy tuck""], ""fr"": [""Dermolipectomie abdominale""], ""pt"": [""Dermolipectomia""]}";"{""deep"": {""fr"": {""clinical"": [""Chirurgie avec grand décollement = risque hématome et sérome."", ""Cure de diastasis souvent associée, augmentant la douleur.""], ""pitfalls"": [""Positionnement avec plicature (tronc fléchi) pour fermer sans tension."", ""Risque thromboembolique majoré.""], ""references"": [{""source"": ""ASPS"", ""year"": 2021}]}}, ""quick"": {""fr"": {""drugs"": [{""drug_id"": ""enoxaparine"", ""indication_tag"": ""thromboprophylaxie essentielle""}, {""drug_id"": ""bupivacaine"", ""indication_tag"": ""infiltration cicatricielle ou bloc TAP""}], ""intraop"": [""AG IOT ou ML"", ""Lipoaspiration associée fréquente"", ""Fermeture en position semi-assise (plicature)""], ""postop"": [""Lit en position \""transat\"" stricte"", ""Gaine de contention"", ""Thromboprophylaxie""], ""preop"": [""Arrêt tabac stricte 1 mois avant (risque nécrose cutanée)""], ""red_flags"": [""Nécrose cutanée de la cicatrice ou de l'ombilic"", ""Embolie pulmonaire""]}}}";[];2026-02-26 00:19:28.151363+00:00;2026-02-26 00:19:28.151369+00:00
reduction_mammaire;Chirurgie plastique;"{""en"": ""Breast reduction"", ""fr"": ""Réduction mammaire"", ""pt"": ""Redução mamária""}";"{""en"": [""Mammoplasty""], ""fr"": [""Plastie mammaire de réduction""], ""pt"": [""Mamoplastia de redução""]}";"{""deep"": {""fr"": {""clinical"": [""Patient souvent installé en position demi-assise pendant l'intervention pour symétrisation."", ""Prévention hypothermie importante (grande surface exposée).""], ""pitfalls"": [""Saignement continu postopératoire."", ""NVPO.""], ""references"": [{""source"": ""PROSPECT"", ""year"": 2021}]}}, ""quick"": {""fr"": {""drugs"": [{""drug_id"": ""paracetamol"", ""indication_tag"": ""analgésie de base""}, {""drug_id"": ""ondansetron"", ""indication_tag"": ""prévention NVPO""}], ""intraop"": [""AG ML le plus souvent"", ""Table cassable pour asseoir le patient en peropératoire"", ""Blocs pectoraux ou infiltration locale""], ""postop"": [""Soutien-gorge médical de contention"", ""Drainage fréquent""], ""preop"": [""Arrêt tabac stricte (nécrose PAM)""], ""red_flags"": [""Hématome d'une loge (asymétrie brutale)"", ""Nécrose plaque aréolo-mamelonnaire (PAM)""]}}}";[];2026-02-26 00:19:28.151445+00:00;2026-02-26 00:19:28.151457+00:00
dds;Stomatologie;"{""en"": ""Wisdom teeth extraction"", ""fr"": ""Extraction de dents de sagesse"", ""pt"": ""Extração de dentes do siso""}";"{""en"": [""Third molar extraction""], ""fr"": [""DDS"", ""Avulsion dents de sagesse""], ""pt"": [""Extração de siso""]}";"{""deep"": {""fr"": {""clinical"": [""Ambulatoire, population très jeune."", ""Anxiété forte, NVPO massifs fréquents au réveil.""], ""pitfalls"": [""Inhalation de sang, sécrétions ou de matériel (dent)."", ""Trismus gênant l'intubation en préop.""], ""references"": [{""source"": ""SFAR"", ""year"": 2019}]}}, ""quick"": {""fr"": {""drugs"": [{""drug_id"": ""propofol"", ""indication_tag"": ""TIVA idéale pour limiter NVPO""}, {""drug_id"": ""dexamethasone"", ""indication_tag"": ""réduit œdème des joues et NVPO""}], ""intraop"": [""AG IOT nasale fréquente ou ML"", ""Ouvre-bouche, pack pharyngé (champ de gorge) pour protéger VA"", ""Infiltration AL par chirurgien""], ""postop"": [""Glace sur les joues"", ""Retrait du pack pharyngé vérifié +++"", ""Alimentation molle, froide""], ""preop"": [""Évaluation anxiété et prémédication si besoin"", ""Vérification ouverture de bouche""], ""red_flags"": [""Hémorragie importante"", ""Détresse respiratoire (oedème glottique ou pack oublié)"", ""Lésion nerf lingual/alvéolaire (paresthésie prolongée)""]}}}";[];2026-02-26 00:19:28.151560+00:00;2026-02-26 00:19:28.151570+00:00
vitrectomie;Ophtalmologie;"{""en"": ""Vitrectomy"", ""fr"": ""Vitrectomie"", ""pt"": ""Vitrectomia""}";"{""en"": [""Pars plana vitrectomy""], ""fr"": [""Décollement de rétine"", ""VPP""], ""pt"": [""Cirurgia de retina""]}";"{""deep"": {""fr"": {""clinical"": [""Chirurgie sur le segment postérieur de l'œil."", ""Positionnement postopératoire strict souvent requis (face vers le sol).""], ""pitfalls"": [""Gaz intraoculaire expansif (SF6, C3F8) = contre-indication absolue au protoxyde d'azote (N2O)."", ""Réflexe oculo-cardiaque (bradycardie sévère).""], ""references"": [{""source"": ""ESAIC"", ""year"": 2021}]}}, ""quick"": {""fr"": {""drugs"": [{""drug_id"": ""atropine"", ""indication_tag"": ""si réflexe oculo-cardiaque sévère""}], ""intraop"": [""Anesthésie locorégionale (péribulbaire/rétrobulbaire) ou AG"", ""N2O FORMELLEMENT INTERDIT"", ""Immobilité absolue du patient requise""], ""postop"": [""Positionnement tête selon injection de gaz (souvent procubitus)"", ""Surveillance PIO""], ""preop"": [""Arrêt antithrombotiques à discuter selon la pathologie"", ""Information sur N2O même pour interventions futures""], ""red_flags"": [""Hypertonie oculaire aiguë (douleur intense, NVPO)"", ""Hémorragie expulsive""]}}}";[];2026-02-26 00:19:28.151649+00:00;2026-02-26 00:19:28.151659+00:00
trabeculectomie;Ophtalmologie;"{""en"": ""Trabeculectomy"", ""fr"": ""Trabéculectomie"", ""pt"": ""Trabeculectomia""}";"{""en"": [""Glaucoma surgery""], ""fr"": [""Chirurgie glaucome""], ""pt"": [""Cirurgia de glaucoma""]}";"{""deep"": {""fr"": {""clinical"": [""Chirurgie du glaucome pour faire baisser la PIO."", ""Anesthésie topique, sous-ténonienne ou péribulbaire.""], ""pitfalls"": [""Hausse soudaine de la pression intraoculaire per-opératoire (toux, agitation, douleur)."", ""Hémorragie sous-choroïdienne.""], ""references"": [{""source"": ""EGS"", ""year"": 2020}]}}, ""quick"": {""fr"": {""drugs"": [{""drug_id"": ""ondansetron"", ""indication_tag"": ""prévention NVPO cruciale pour éviter hausse PIO""}], ""intraop"": [""AL/ALR le plus souvent avec sédation légère"", ""Absence de toux primordiale"", ""Extubation profonde si AG (pour éviter la toux sur sonde)""], ""postop"": [""Pansement oculaire"", ""Prévention stricte toux/vomissements""], ""preop"": [""Poursuite des collyres anti-glaucomateux""], ""red_flags"": [""Perte de vision brutale"", ""Hyphéma important""]}}}";[];2026-02-26 00:19:28.151743+00:00;2026-02-26 00:19:28.151755+00:00
lobectomie_pulmonaire;Chirurgie thoracique;"{""en"": ""Pulmonary lobectomy"", ""fr"": ""Lobectomie pulmonaire"", ""pt"": ""Lobectomia pulmonar""}";"{""en"": [""Lung resection"", ""VATS""], ""fr"": [""VATS"", ""Résection pulmonaire""], ""pt"": [""Ressecção pulmonar""]}";"{""deep"": {""fr"": {""clinical"": [""Ventilation unipulmonaire obligatoire (Sonde double lumière ou bloqueur)."", ""Voie VATS (vidéothoracoscopie) ou RATS de plus en plus courante.""], ""pitfalls"": [""Hypoxémie sévère lors de l'exclusion pulmonaire."", ""Lésion vasculaire hilaire (artère pulmonaire) = hémorragie massive foudroyante.""], ""references"": [{""source"": ""ERAS Thoracic"", ""year"": 2019}]}}, ""quick"": {""fr"": {""drugs"": [{""drug_id"": ""bupivacaine"", ""indication_tag"": ""analgésie péridurale ou bloc paravertébral/ESB""}], ""intraop"": [""AG IOT (Sonde de Carlens/Robertshaw)"", ""Ventilation protectrice unipulmonaire (VT 5-6 ml/kg + PEEP)"", ""Décubitus latéral strict""], ""postop"": [""Extubation sur table si possible"", ""Analgésie majeure requise (Cathéter péri-nerveux ou PCA)"", ""Kinésithérapie active J0""], ""preop"": [""EFR, GDS, Écho cardiaque"", ""Sevrage tabac > 4 semaines idéal""], ""red_flags"": [""Saignement massif par le drain thoracique (>200 ml/h)"", ""Fistule broncho-pleurale (bullage continu majeur)""]}}}";[];2026-02-26 00:19:28.151825+00:00;2026-02-26 00:19:28.151831+00:00
orchiopexie;Chirurgie pédiatrique;"{""en"": ""Orchiopexy"", ""fr"": ""Orchiopexie"", ""pt"": ""Orquiopexia""}";"{""en"": [""Undescended testicle repair""], ""fr"": [""Abaissement testiculaire"", ""Cryptorchidie""], ""pt"": [""Criptorquidia""]}";"{""deep"": {""fr"": {""clinical"": [""Chirurgie pédiatrique ambulatoire classique (1-2 ans)."", ""Combinaison d'une abord inguinal et scrotal.""], ""pitfalls"": [""Spasme laryngé à l'induction/réveil chez l'enfant."", ""Douleur insuffisamment traitée = agitation majeure au réveil.""], ""references"": [{""source"": ""ESPU"", ""year"": 2022}]}}, ""quick"": {""fr"": {""drugs"": [{""drug_id"": ""sevoflurane"", ""indication_tag"": ""induction au masque""}, {""drug_id"": ""bupivacaine"", ""indication_tag"": ""bloc ilio-inguinal / ilio-hypogastrique""}], ""intraop"": [""AG au masque ou avec ML pédiatrique"", ""Bloc ilio-inguinal sous échographie"", ""Prévention hypothermie peropératoire""], ""postop"": [""Réveil calme auprès des parents"", ""Antalgiques en sirop""], ""preop"": [""Jeûne pédiatrique strict mais respect des fluides clairs (1h avant)"", ""Présence parentale à l'induction si possible""], ""red_flags"": [""Hématome du cordon"", ""Infection du site opératoire""]}}}";[];2026-02-26 00:19:28.151893+00:00;2026-02-26 00:19:28.151899+00:00
pose_pac;Chirurgie générale;"{""en"": ""Port-a-cath insertion"", ""fr"": ""Pose de chambre implantable (PAC)"", ""pt"": ""Colocação de cateter port-a-cath""}";"{""en"": [""Port insertion"", ""PAC""], ""fr"": [""PAC"", ""Port-a-cath"", ""VVC implantable""], ""pt"": [""Port-a-cath"", ""Cateter totalmente implantado""]}";"{""deep"": {""fr"": {""clinical"": [""Pose pour chimiothérapie, patient souvent dénutri, angoissé."", ""Abord jugulaire interne ou sous-clavier sous échographie.""], ""pitfalls"": [""Pneumothorax si abord sous-clavier non échoguidé."", ""Ponction artérielle accidentelle avec hématome compressif.""], ""references"": [{""source"": ""SFAR"", ""year"": 2020}]}}, ""quick"": {""fr"": {""drugs"": [{""drug_id"": ""lidocaine"", ""indication_tag"": ""AL du site de ponction et de la loge""}, {""drug_id"": ""midazolam"", ""indication_tag"": ""sédation anxiolytique légère""}], ""intraop"": [""AL + Sédation"", ""Contrôle échographique permanent"", ""Contrôle radioscopique (fluoroscopie) de l'extrémité du cathéter (jonction VCS-OD)""], ""postop"": [""Sortie le jour même"", ""Carnet de PAC remis au patient""], ""preop"": [""Vérification bilan d'hémostase"", ""Information consentement""], ""red_flags"": [""Pneumothorax post-procédure (dyspnée, douleur thoracique)"", ""Saignement de loge"", ""Troubles du rythme (cathéter trop profond)""]}}}";[];2026-02-26 00:19:28.151962+00:00;2026-02-26 00:19:28.151968+00:00
greffe_renale;Urologie;"{""en"": ""Kidney transplantation"", ""fr"": ""Transplantation rénale (Greffe rénale)"", ""pt"": ""Transplante renal""}";"{""en"": [""Renal transplant""], ""fr"": [""Greffe de rein""], ""pt"": [""Transplante de rim""]}";"{""deep"": {""fr"": {""clinical"": [""Chirurgie sur patient en insuffisance rénale chronique (souvent dialysé)."", ""Maintien d'une hémodynamique optimale (PAM, volémie) indispensable pour relancer le greffon.""], ""pitfalls"": [""Thrombose vasculaire du greffon au déclampage."", ""Hyperkaliémie sévère au déclampage due à la solution de conservation du greffon.""], ""references"": [{""source"": ""EAU"", ""year"": 2023}]}}, ""quick"": {""fr"": {""drugs"": [{""drug_id"": ""furosemide"", ""indication_tag"": ""diurétique de l'anse au déclampage""}, {""drug_id"": ""thymoglobuline"", ""indication_tag"": ""immunosuppression peropératoire (induction)""}], ""intraop"": [""AG IOT"", ""VVC + KTA + Monitorage avancé"", ""Remplissage massif (cristalloïdes sans potassium) avant déclampage"", ""PAM cible stricte > 80-90 mmHg selon le greffon""], ""postop"": [""Soins continus ou réanimation (isolement protecteur)"", ""Surveillance diurèse +++ (reprise immédiate = bon signe)""], ""preop"": [""Dialyse la veille souvent nécessaire"", ""Correction kaliémie stricte (< 5 mmol/L)""], ""red_flags"": [""Anurie postopératoire (thrombose vs NTA)"", ""Choc hémorragique par lâchage de suture vasculaire"", ""Rejet hyperaigu""]}}}";[];2026-02-26 00:19:28.152031+00:00;2026-02-26 00:19:28.152057+00:00
